Código,Nome,Setor,MO,MFCL,RA,RPL,NotaL,LC,D/PL,Receita,CLA,CRA,LPA,RPA,VPA,DPA
ABEV3,Ambev SA,Consumer Defensive,0.33380000000000004,0.28550000000000003,0.12179999999999999,0.21539999999999998,2.5002614924280007,1.02,0.02,50231000000.0,-0.039,0.024399999999999998,0.7010326321947249,3.1939746165780707,3.58,0.55
B3SA3,B3 SA - Brasil Bolsa Balcao,Financial Services,0.5046,0.7028,0.0555,0.08460000000000001,1.6651077614640002,1.3,0.11,4832000000.0,-0.0177,0.1778,1.0135299202579717,2.3466107209806037,12.23,0.7
BBAS3,Banco do Brasil SA BB Brasil,Financial Services,0,0.32299999999999995,0.0091,0.1297,0.0,0,2.97,87417000000.0,-0.0398,0.025,4.488696246972521,30.50756957095295,35.81,1.03
BBDC3,Bank Bradesco SA,Financial Services,0,0.32799999999999996,0.0141,0.1535,0.0,0,0.5,91194000000.0,0.037200000000000004,0.08460000000000001,2.1192163029230526,11.309018171266011,15.41,0.28
BBDC4,Bank Bradesco SA Pref Shs,Financial Services,0,0.32799999999999996,0.0141,0.1535,0.0,0,0.5,91194000000.0,0.037200000000000004,0.08460000000000001,2.1192163029230526,11.309018171266011,15.41,0.31
BBSE3,BB Seguridade Participacoes SA,Financial Services,0,0.5035000000000001,0.262,0.4501,0.0,0,0,2919000000.0,-0.055999999999999994,0.0138,1.77,1.4595,3.42,1.75
BRAP4,Bradespar SA Pfd Shs,Financial Services,0.0,-0.2836,0.1084,0.12689999999999999,0.0,0,0.02,2759000000.0,0.0,0.0,3.419206169512174,7.927386404776545,28.62,1.93
BRDT3,Petrobras Distribuidora SA,Consumer Cyclical,0.024700000000000003,0.0296,0.13,0.345,0.032790732,2.81,0.55,97770000000.0,0,0,2.740772532188841,83.92274678111588,8.31,1.07
BRFS3,BRF SA,Consumer Defensive,-0.011899999999999999,0.0116,-0.0681,-0.3053,0.0,1.2,1.97,33884000000.0,0.0,0.0325,-3.8881292055243684,41.70477049698882,8.58,0
BRKM5,Braskem SA Preferred,Basic Materials,0.16949999999999998,0.12560000000000002,0.058499999999999996,0.4471,0.55682647722,0.9,3.69,55792000000.0,0.0,0.0229,4.178274727521547,69.9832793749271,8.53,3.14
BRML3,BR Malls Participacoes SA,Real Estate,0.7076,0.5811,0.056100000000000004,0.0983,2.2675406364468,1.38,0.23,1196000000.0,0.0832,-0.042800000000000005,1.1618740317716403,1.3704155246537295,12.45,0.1
BTOW3,B2W - Companhia Digital,Consumer Cyclical,-0.0034999999999999996,0.0079,-0.031,-0.10679999999999999,0.0,2.19,1.73,6488000000.0,0.0,-0.1038,-0.8681751483223663,14.188212499535297,7.74,0
CCRO3,CCR SA,Industrials,0.2188,0.1408,0.0255,0.0955,0.07502284416,0.94,1.71,9716000000.0,-0.10339999999999999,0.0464,0.38762376237623763,4.80990099009901,4.08,0.54
CIEL3,Cielo SA,Technology,0.2828,0.1793,0.0348,0.2818,0.49725588010559996,1.15,0.76,11674000000.0,-0.016399999999999998,0.0166,1.065584028386128,4.2969353876959095,3.33,1.28
CMIG4,Energy Company of Minas Gerais,Utilities,0.133,-0.1016,0.0233,0.0693,0.0,0.93,0.81,22236000000.0,-0.31670000000000004,0.033,0.6676949443016281,15.243187660668381,9.99,0.5
CSAN3,Cosan SA,Energy,0.1127,0.2002,0.0576,0.17059999999999997,0.2217121530623999,1.9,0.89,10299000000.0,0.1797,-0.1696,4.141347291578926,25.818241983033513,25.3,1.11
CSNA3,Companhia Siderurgica Nacional,Basic Materials,0.2026,0.0387,0.1097,0.6452,0.5549468522328,1.05,2.66,22969000000.0,0.5839,0.0582,3.656884225092251,16.55399561808118,6.31,0
CVCB3,CVC Brasil Operadora e Agencia de Viagens SA,Consumer Cyclical,0.34119999999999995,-0.0981,0.049400000000000006,0.2872,0.0,1.27,0.74,1693000000.0,0.16440000000000002,0.2143,1.8170683284990343,11.393691407958759,7.4,0.5
CYRE3,Cyrela Brazil Realty SA Empreend e Part,Consumer Cyclical,-0.022799999999999997,0.2514,-0.0083,-0.0152,0.0,3.52,0.4,3146000000.0,0.0,-0.1018,-0.2101350117450462,7.8700565113085155,13.4,1.12
ECOR3,EcoRodovias Infraestrutura e Logistica SA,Industrials,0.3737,0.1906,0.042,0.5766,1.7249238321839997,1.54,9.39,3169000000.0,-0.012,0.03,0.6712022036910752,5.672106089325379,1.15,0.72
EGIE3,ENGIE Brasil Energia SA,Utilities,0.4215,-0.0181,0.1069,0.3521,0.0,1.09,1.01,8795000000.0,0.1001,0.09570000000000001,2.8360345520683197,10.77913737486641,7.74,3.47
ELET3,Centrais Eletricas Brasileiras SA,Utilities,-0.0953,0.07919999999999999,-0.0159,-0.0617,0.0,1.15,0.82,39135000000.0,0.0,0.021400000000000002,-2.0478623126797424,28.932524045747915,41.07,0
ELET6,Centrais Eletricas Brasileiras SA Class B,Utilities,-0.0953,0.07919999999999999,-0.0159,-0.0617,0.0,1.15,0.82,39135000000.0,0.0,0.021400000000000002,-2.0478623126797424,28.932524045747915,41.07,0
EMBR3,Embraer SA,Industrials,0.024900000000000002,0.1308,-0.015300000000000001,-0.045,0.0,2.33,0.91,5071000000.0,0.0,-0.0507,-0.24038948498578597,6.848399316645621,20.74,0.04
ENBR3,EDP - Energias do Brasil SA,Utilities,0.1223,0.1175,0.0587,0.1552,0.13091642636000003,1.54,0.71,13834000000.0,0.0018,0.1103,2.097717722666227,22.796407678998104,14.06,1.21
EQTL3,Equatorial Energia SA,Utilities,0.201,0.1463,0.042699999999999995,0.17679999999999998,0.22199874496799998,1.46,1.56,11253000000.0,0.0432,0.16399999999999998,4.56484768923233,55.95667870036101,27.83,1.1
ESTC3,Estacio Participacoes SA,Consumer Defensive,0.2109,0.22329999999999997,0.1588,0.2402,1.7963410891271996,1.2,0.01,3619000000.0,0.0999,0.0718,2.0867775948027916,11.708601729598918,8.63,1.66
FLRY3,Fleury SA,Healthcare,0.1886,0.13419999999999999,0.0802,0.203,0.41206393967199995,1.48,1.06,2712000000.0,0.4023,0.09970000000000001,1.0376036417357084,8.57921059874159,5.15,0.99
GGBR4,Gerdau SA Pfd Shs,Basic Materials,0.0964,0.016,0.0454,0.0933,0.006533328768000001,2.06,0.51,46159000000.0,0.0,0.019299999999999998,1.3397997278531804,26.841933870648848,15.14,0.38
GOAU4,Metalurgica Gerdau SA Pfd Shs,Basic Materials,0.0959,0.0169,0.015700000000000002,0.08960000000000001,0.0022798851712000005,1.92,1.4,46159000000.0,0.0,0.019299999999999998,0.8096624447347114,46.77497970777164,9.53,0.2
GOLL4,Gol Intelligent Airlines Inc Pfd Shs,Industrials,0.1209,0.1057,-0.1065,0.0,0.0,0.46,0,11411000000.0,0.0,0.0496,-3.1010189062120412,32.613573031138806,-1.59,0
HYPE3,Hypera SA,Healthcare,0.3123,0.2271,0.1092,0.1412,1.0935696622032,3.04,0.06,3724000000.0,0.2636,-0.0265,1.7873016174288796,5.8901869232788915,13.08,0.97
IGTA3,Iguatemi Empresa de Shopping Centers SA,Real Estate,0.616,0.3284,0.0495,0.091,0.9112351248000001,3.37,0.76,722000000.0,0.0678,0.027200000000000002,1.4495051298892487,4.088057436640772,16.09,0.68
ITSA4,Itausa Investimentos ITAU SA,Financial Services,0.0,-0.0708,0.1424,0.17309999999999998,0.0,0,0.07,15907000000.0,0.0209,0.0458,1.1219042410263118,1.8912813440022829,6.56,0.89
ITUB4,Itau Unibanco Holding SA,Financial Services,0,-0.4412,0.016399999999999998,0.1819,0.0,0,1.27,101227000000.0,0.0351,0.06849999999999999,2.424485982452311,10.324923960694155,14.04,0.4
JBSS3,JBS SA,Consumer Defensive,0.0383,0.024900000000000002,0.0002,0.001,1.9073400000000002e-07,1.71,2.08,181680000000.0,-0.8242,0.037000000000000005,0.009161704076958314,66.57993586807146,9.62,0.05
KROT3,Kroton Educacional SA,Consumer Defensive,0.2057,0.03,0.056900000000000006,0.0908,0.03188259492,2.17,0.46,6061000000.0,0.0018,0.048,0.8538847498859663,3.686179109016269,9.64,0.39
LAME4,Lojas Americanas SA Pfd Shs,Consumer Cyclical,0.09720000000000001,0.0092,0.013600000000000001,0.0797,0.0009692846208,2.08,2.71,17690000000.0,-0.0384,-0.0044,0.23740355480586012,11.051760222409646,3.08,0.08
LOGG3,LOG Commercial Properties Participacoes SA Ordinary Shares,Real Estate,0.7211,0.6872,0.0138,0.0209,0.14292362372639997,1.29,0.39,112000000.0,0.0706,0.045700000000000005,0.5827821749972893,1.5179442697603815,31.02,0
LREN3,Lojas Renner SA,Consumer Cyclical,0.1724,0.0374,0.1232,0.2921,0.23203373374720004,1.25,0.44,8690000000.0,0.20149999999999998,0.111,1.4860615757252535,12.069042143039676,5.65,0.34
MGLU3,Magazine Luiza SA,Consumer Cyclical,0.060599999999999994,0.0559,0.0737,0.273,0.06815764355399999,1.19,0.14,15590000000.0,0.0,0.1402,3.1323619688232918,81.79819613727825,12.18,0.59
MRFG3,Marfrig Global Foods SA,Consumer Defensive,0.014199999999999999,0.0281,0.0584,0.9102,0.0212101794336,1.36,17.63,29715000000.0,0.0,0.0964,2.2453644089621427,47.82867628122585,1.09,0
MRVE3,MRV Engenharia e Participacoes SA,Consumer Cyclical,0.1421,0.08,0.049,0.13570000000000002,0.07558924240000002,2.98,0.53,5419000000.0,0.0803,0.043899999999999995,1.5535641914711578,12.201107758814787,10.48,0.35
MULT3,Multiplan Empreendimentos Imobiliarios SA,Real Estate,0.5927,0.6361,0.054000000000000006,0.08990000000000001,1.8302641552620005,1.78,0.45,1229000000.0,0.09300000000000001,0.0478,0.7873347304502123,2.0457386548061542,9.55,0.43
NATU3,Natura Cosmeticos SA,Consumer Defensive,0.1165,0.0268,0.0362,0.2606,0.029453960584000006,1.41,2.82,13397000000.0,-0.0823,0.1383,1.270506626109375,31.060177499976817,5.97,0.57
PCAR4,Companhia Brasileira De Distribuicao A,Consumer Cyclical,0.0533,0.005,0.0246,0.10490000000000001,0.0006877139100000001,1.19,0.46,47886000000.0,-0.213,-0.1201,4.1221042217841966,179.44643887668911,41.56,1.41
PETR3,Petroleo Brasileiro SA Petrobras,Energy,0.23620000000000002,0.1499,0.030299999999999997,0.09480000000000001,0.10170270216720001,1.48,1.13,95584000000.0,-0.08349999999999999,-0.0754,0.5498869255241673,7.3275326766069995,21.7,0.06
PETR4,Petroleo Brasileiro SA Petrobras,Energy,0.23620000000000002,0.1499,0.030299999999999997,0.09480000000000001,0.10170270216720001,1.48,1.13,95584000000.0,-0.08349999999999999,-0.0754,0.5498869255241673,7.3275326766069995,21.7,0.23
QUAL3,Qualicorp Consultoria E Corretora De Seguros SA,Healthcare,0.3396,0.1932,0.1121,0.16820000000000002,1.2371045599584005,0.94,0,1932000000.0,0.0,0.0375,1.401950017127097,6.822587992668896,8.39,0.72
RADL3,Raia Drogasil SA,Consumer Defensive,0.0527,-0.0014000000000000002,0.0727,0.1495,0.0,1.55,0.16,14801000000.0,0.1388,0.18489999999999998,1.5194348428807516,44.79911376390041,10.62,0.64
RAIL3,Rumo SA,Industrials,0.2708,0.1075,0.009899999999999999,0.0335,0.00965466315,1.65,1.26,6585000000.0,0,0,0.16933714769534708,4.22380726353735,5.15,0
RENT3,Localiza Rent A Car SA,Consumer Cyclical,0.153,-0.1185,0.050499999999999996,0.1793,0.0,1.54,1.45,8521000000.0,0.1139,0.17629999999999998,0.9607544275689452,11.796236999012942,7.0,0.3
SANB11,Banco Santander (Brasil) SA,Financial Services,0,0.13949999999999999,0.0089,0.0688,0.0,0,0.93,37751000000.0,0.0875,0.11539999999999999,1.6779288740593157,5.034453419536896,0,0
SBSP3,Companhia De Saneamento Basico Do Estado De Sao Paulo,Utilities,0.26649999999999996,0.1197,0.0481,0.1076,0.16510062277799994,1.33,0.62,16129000000.0,0.0567,0.061500000000000006,2.8382905882869305,23.597313865195826,28.6,1.03
SMLS3,Smiles Fidelidade SA,Consumer Cyclical,0.7558,0.4832,0.2688,0.6849,67.23420032286721,1.76,0,967000000.0,0.2041,-0.0692,5.203005823178344,7.788400357605973,8.17,3.89
SUZB3,Suzano SA,Basic Materials,0.3716,0.29109999999999997,0.0077,0.0269,0.0224058237788,5.08,2.69,13437000000.0,0.0,0.09539999999999998,0.2336070993050556,9.871001865918341,8.9,0.19
TAEE11,Transmissora Alianca de Energia Eletrica SA,Utilities,0.6241,0.642,0.1285,0.2402,12.367027923540002,2.98,0.63,1808000000.0,0.0371,0.0209,1.0362844702467344,1.7493952588292212,0,0
TIMP3,Tim Participacoes SA,Communication Services,0.172,0.1353,0.0788,0.1341,0.24591285892799997,0.85,0.14,16981000000.0,0.0711,-0.031400000000000004,1.0512054786599092,7.013956869596824,8.18,0.35
UGPA3,Ultrapar Participacoes SA,Energy,0.0245,0.016200000000000003,0.0391,0.1222,0.0018963961380000006,2.56,1.37,90698000000.0,-0.08539999999999999,0.0623,1.0334199009714147,81.50358102461337,8.7,0.73
USIM5,"Usinas Siderurgicas de Minas Gerais,S.A. Pfd Shs -A-",Basic Materials,0.0902,0.0339,0.0245,0.0449,0.0033637108890000006,2.64,0.38,14025000000.0,0.0,0.0138,0.5051552973473362,11.192421872506145,11.64,0.13
VALE3,Vale SA,Basic Materials,0.3514,0.2493,0.0732,0.15689999999999998,1.0061391780215998,1.68,0.35,36575000000.0,0.0,-0.048,1.2981434278177377,6.921223888109877,33.93,0.55
VIVT4,Telefonica Brasil SA Pfd Shs,Communication Services,0.161,0.059000000000000004,0.0876,0.1266,0.10534542983999999,1.07,0.07,58023000000.0,0.1916,0.021400000000000002,5.2797785899301,34.31323847709612,42.4,4.12
VVAR3,Via Varejo SA,Consumer Cyclical,0.022099999999999998,0.0296,-0.0183,-0.1582,0.0,0.78,2.01,26662000000.0,0.0,0.0436,-0.29356777552880825,20.597642187234438,1.51,0.01
WEGE3,Weg SA,Industrials,0.12560000000000002,0.0727,0.0911,0.18539999999999998,0.15422406893280002,1.88,0.22,11970000000.0,0.05,0.0704,0.6375496745542394,5.703639465182545,3.68,0.25
ABCB4,Banco ABC Brasil SA Conv Pfd Shs,Financial Services,0,0.7404999999999999,0.013600000000000001,0.12029999999999999,0.0,0,4.59,1001000000.0,0.0407,0.057800000000000004,1.9142787794411955,4.584193919188126,16.74,1.08
TIET3,AES Tiete Energia SA,Utilities,0.3372,0.0992,0.039900000000000005,0.1869,0.24944880925440005,1.11,2.63,2144000000.0,-0.2005,-0.08289999999999999,0.1463875814535067,1.0897742174872165,0.77,0.13
EALT3,Electro Aco Altona SA,Industrials,0.050499999999999996,0.17170000000000002,0.0408,0.09699999999999999,0.03431575596,0.97,0.17,247000000.0,0.058600000000000006,0.0649,0.5333333333333333,10.977777777777778,6.87,0.09
ADHM3,Advanced Digital Health Medicina Preventiva SA,Technology,0.0,0.0,-3.4919,0,0,0.01,0,0.0,0,0,-0.6611133148221605,0.0,-1.93,0
AFLT3,Afluente Transmissao de Energia Eletrica SA,Utilities,0.6799,0.7234999999999999,0.17329999999999998,0.18789999999999998,16.018023240485494,19.71,0.01,34000000.0,0.030699999999999998,-0.0084,0.36458746136165493,0.5389553776650551,3.1,0.18
BRGE3,Consorcio Alfa De Administracao SA,Financial Services,0.11230000000000001,0.1127,0.0168,0.047400000000000005,0.010078393147200002,1.46,0.05,625000000.0,-0.061900000000000004,0.0768,0.7196589088341526,8.486543736251798,15.55,0
RPAD3,Alfa Holdings SA,Financial Services,-1.8584,-1.2234,0.0455,0.0458,0.0,2.01,0,1000000.0,-0.058499999999999996,0.43479999999999996,0.5077820552183463,0.01180888500507782,11.33,0
BRIV3,Banco Alfa de Investimento SA,Financial Services,0,1.8966999999999998,0.0043,0.0393,0.0,0,7.34,246000000.0,-0.0907,-0.0634,0.6884798139975846,2.776492364645997,16.29,0
ALSC3,Aliansce Shopping Centers SA,Real Estate,0.5534,0.7101000000000001,0.0239,0.0454,0.4263953120604001,3.87,0.71,508000000.0,-0.04769999999999999,0.0091,0.5623076315997159,2.5057217267776815,12.6,0.12
AALR3,Centro de Imagem Diagnosticos SA - Alliar,Healthcare,0.1137,0.0698,0.0178,0.032400000000000005,0.0045769998672,1.03,0.3,1077000000.0,0,0,0.33814342353309157,9.10451167862849,10.63,0
ALPA3,Alpargatas SA,Consumer Cyclical,0.13720000000000002,0.0286,0.08460000000000001,0.1452,0.048201119366400015,2.06,0.1,3905000000.0,0.013500000000000002,-0.0182,0.5645663212382368,6.640456278419623,4.11,0.34
ALUP3,Alupar Investimento SA,Utilities,0.6159,0.2354,0.0297,0.0942,0.40562434673639997,3.26,1.32,1881000000.0,0.0594,0.0,0.44021744694356,2.139661544446606,4.92,0.24
BAZA3,BCO Amazonia SA,Financial Services,0,1.4344999999999999,0.0060999999999999995,0.0571,0.0,0,1.01,1646000000.0,-0.24050000000000002,-0.0839,3.676718612966336,55.52182419213385,65.39,0.64
CBEE3,Ampla Energia E Servicos SA,Utilities,0.1125,-0.0414,0.0161,0.0466,0.0,0.73,0.63,5829000000.0,-0.1977,0.0179,0.9601881968865897,34.980856247824576,21.04,0
ANIM3,Anima Holding SA,Consumer Defensive,0.0374,0.0471,0.0016,0.0033,9.300931200000002e-06,1.76,0.6,1102000000.0,-0.6727,0.0877,0.025459544783339273,14.02820917561994,8.57,0.25
ARZZ3,Arezzo Industria E Comercio SA,Consumer Cyclical,0.1072,0.038900000000000004,0.1362,0.2073,0.11773912294080001,3.29,0.09,1778000000.0,0.052300000000000006,0.0851,1.5835751146154016,19.689486390113174,7.88,1.25
ATOM3,Atom Empreendimentos e Participacoes SA,Communication Services,0.1343,0.1321,0.8734999999999999,0,0.0,83.4,0,5000000.0,0,0,0.33494425570601466,0.2392458969328676,0.14,0
AZEV3,Azevedo E Travassos SA,Industrials,-0.7376,0.0636,-0.5908,0.0,0.0,0.44,0,91000000.0,0.0,-0.4235,-3.074074074074074,3.3703703703703702,-3.75,0
AZUL4,Azul SA,Industrials,0.0941,-0.064,0.08560000000000001,0.32030000000000003,0.0,0.94,1.12,8926000000.0,0,0.10310000000000001,2.5839412182869888,26.329063144326096,9.34,0
BPHA3,Brasil Pharma SA,Consumer Defensive,-2.5932,-9.0931,9.6637,0.0,0.0,0.06,0,10000000.0,0,-0.8588,9.276536288147435,0.08843218577833588,-2.37,0
BRPR3,BR Properties SA,Real Estate,0.7595000000000001,0.6969,0.0013,0.0023,0.0015825936945,1.47,0.43,421000000.0,-0.2993,-0.1616,0.0343866285138836,1.0340550431674997,14.55,0.16
BPAC3,Banco BTG Pactual S.A.,Financial Services,0,0.5379,0.0179,0.1263,0.0,0,3.39,5311000000.0,-0.25120000000000003,-0.0455,0.8952541293170132,2.013847810589859,7.2,0.22
BAHI3,Bahema SA,Consumer Defensive,-0.053399999999999996,-0.1741,-0.0241,-0.038,0,1.05,0,44000000.0,0,0,-1.7065283241038594,37.54362313028491,44.86,0
BSLI3,BRB Banco de Brasilia SA,Financial Services,0,0.20170000000000002,0.0197,0.21289999999999998,0.0,0,0.77,2393000000.0,0.26530000000000004,0.04019999999999999,7.905247211127944,65.91378597989258,39.65,3.13
BMEB3,Banco Mercantil do Brasil SA,Financial Services,0,0.1424,0.0055000000000000005,0.0682,0.0,0,1.13,1985000000.0,-0.08810000000000001,-0.0435,1.011141636141636,37.870115995115995,15.26,0
BPAN4,Banco Pan SA Pfd Shs,Financial Services,0,0.0956,0.0083,0.0579,0.0,0,0.79,4841000000.0,0.0,0.0148,0.19442814478766168,4.239759679806623,3.59,0.06
PINE4,Banco Pine SA Pfd Shs,Financial Services,0,2.4346,-0.0067,-0.0672,0.0,0,1.02,96000000.0,0.0,-0.32630000000000003,-0.49516389925065196,0.7922622388010432,7.17,0
BNBR3,BCO Nordeste do Brasil SA,Financial Services,0,0.7021999999999999,0.0129,0.18789999999999998,0.0,0,1.77,6268000000.0,0.1502,0.0271,8.405599101550289,72.57065450208982,48.41,1.73
BGIP3,BCO Estado de Sergipe SA - Banese,Financial Services,0,-0.46630000000000005,0.011899999999999999,0.16140000000000002,0.0,0,0.8,744000000.0,-0.0735,0.10830000000000001,6.346090938828917,48.67517173699706,26.56,1.63
BEES3,Banestes SA Banco Estado Espirito,Financial Services,0,0.7927,0.0070999999999999995,0.1255,0.0,0,9.42,1356000000.0,0.06269999999999999,0.0172,0.5729425506389417,4.29232098710721,4.72,0.22
BRSR3,BCO Estado do Rio Grande do Sul SA,Financial Services,0,0.23010000000000003,0.0139,0.1466,0.0,0,1.05,7976000000.0,0.057800000000000004,0.086,2.5649552294277878,19.50246225921452,17.79,0.99
BDLL4,Bardella SA Industrias Mecanicas Pfd Shs,Industrials,-0.813,-0.2132,-0.1155,-0.6015999999999999,0,0.84,0.34,94000000.0,0.0,-0.4057,-60.0,58.75,66.71,0
BTTL3,Battistella Administracao e Participacoes SA,Industrials,0.0070999999999999995,0.011399999999999999,-0.0775,-1.7869,0.0,0.87,2.23,397000000.0,0.0,-0.1974,-0.6510840549514942,25.84803698157432,0.03,0
BALM3,Baumer SA,Healthcare,0.045,-0.0604,0.0149,0.0302,0.0,1.93,0.18,120000000.0,-0.4233,0.0196,0.30612244897959184,12.244897959183673,9.61,0.12
BMKS3,Bicicletas Monark SA,Consumer Cyclical,-0.3077,0.0014000000000000002,0.0183,0.0202,0.0,49.82,0,14000000.0,-0.2977,-0.1668,8796.04178119846,30786.146234194613,405.66,17.83
BIOM3,Biomm SA,Healthcare,0.0,0.0,-0.14980000000000002,-0.5146999999999999,0,2.66,1.23,2000000.0,0,0.0,-0.8999016386581001,0.04185589017014419,2.22,0
BSEV3,BIOSEV SA,Consumer Defensive,-0.056799999999999996,-0.3193,-0.1574,0.0,0,1.59,8.62,6915000000.0,0,0.1134,-1.3121919190929314,6.776554981723391,0.61,0
BOBR4,Bombril SA Pfd Shs,Consumer Defensive,0.0031,0.0177,0.1066,0,0.0,0.54,0,1047000000.0,0.0,-0.0203,1.2947378155923426,19.36557847035975,-4.46,0
BBRK3,Brasil Brokers Participacoes SA,Real Estate,-0.48200000000000004,-0.4844,-0.2121,-0.3222,0,1.31,0,111000000.0,0.0,-0.2152,-2.1224809321274702,3.0596803047551844,6.34,0
BRAP3,Bradespar SA,Financial Services,0.0,-0.2836,0.1084,0.12689999999999999,0.0,0,0.02,2759000000.0,0.0,0.0,3.419206169512174,7.927386404776545,28.62,1.75
AGRO3,Brasilagro - Cia Bras de Prop Agricolas,Consumer Defensive,0.3944,-0.0063,0.2087,0.2928,0.0,2.18,0.23,570000000.0,-0.11259999999999999,0.0084,4.060546081924594,10.019529293060685,16.41,0.76
BRKM3,Braskem SA,Basic Materials,0.16949999999999998,0.12560000000000002,0.058499999999999996,0.4471,0.55682647722,0.9,3.69,55792000000.0,0.0,0.0229,4.178274727521547,69.9832793749271,8.53,3.14
CCXC3,CCX Carvao da Colombia SA,Basic Materials,0,0,-0.09759999999999999,0.0,0,0.23,0,0,0,0,-1.1757789535567313,0.0,-27.24,0
CEBR5,Companhia Energetica de Brasilia - CEB Class A,Utilities,0.075,0.0206,0.024399999999999998,0.1475,0.005560454999999999,0.69,0.65,2590000000.0,0.0,0.0219,6.243063263041066,179.66148723640399,40.73,3.93
CEED4,Companhia Estadual De Distribuicao De Energia Eletrica CEEE-D Pfd Shs,Utilities,-0.1325,-0.0567,-0.2475,0.0,0,0.42,0,3355000000.0,0.0,-0.0022,-102.15886788554901,346.55510794339426,-243.0,0
EEEL3,Companhia Estadual de Geracao e Transmissao de Energia Eletrica CEEE-GT,Utilities,0.2119,-0.2139,0.0353,0.0717,0.0,2.08,0.23,1023000000.0,0,0.0683,17.870054746410496,105.67090176634645,245.08,14.44
CEGR3,CIA Distrib de Gas do Rio de Janeiro - CEG,Utilities,0.1001,0.0771,0.0545,0.1313,0.05522677510349999,0.83,0.52,4153000000.0,-0.1525,0.036699999999999997,0.6663123271632041,15.995347368258884,4.98,0.89
CESP3,CESP - Cia Energetica de Sao Paulo,Utilities,0.1432,0.2151,0.0274,0.0414,0.0349409197152,0.97,0,1634000000.0,0.0,-0.2585,0.8977017004424387,4.989267273887568,21.69,0.04
COCE3,CIA Energetica  Do Ceara - COELCE,Utilities,0.0962,-0.0901,0.059800000000000006,0.13390000000000002,0.0,1.03,0.26,5102000000.0,0.0013,0.073,4.68820242758975,65.5320788645559,36.77,1.09
CPFE3,CPFL Energia SA,Utilities,0.1393,0.02,0.0493,0.2141,0.029406592180000007,1.12,1.66,28137000000.0,0.1703,0.1167,2.0217897456553136,27.641932980322427,10.08,0.28
CPRE3,CPFL Energias Renovaveis SA,Utilities,0.3344,0.1754,0.0087,0.026699999999999998,0.0136246819104,0.95,1.22,1936000000.0,0,0.08900000000000001,0.21635097288467303,3.842710857841532,8.23,0.01
CRDE3,CR2 Empreendimentos Imobiliarios SA,Real Estate,-3.9175999999999997,2.0405,-0.0768,-0.0894,0.0,11.09,0,5000000.0,0.0,-0.4545,-6.6061106523534265,2.0644095788604457,68.95,0
CARD3,CSU Cardsystem SA,Financial Services,0.1143,-0.0032,0.08259999999999999,0.1412,0.0,1.19,0.17,420000000.0,0.19940000000000002,-0.0325,0.7894736842105263,10.047846889952153,5.86,0.25
CAMB4,Cambuci SA Pfd Shs,Consumer Cyclical,0.09380000000000001,-0.0079,0.07629999999999999,1.0635,0.0,0.85,0.58,247000000.0,0.0,-0.047,4.409857328145266,64.07263294422827,6.29,0
CAML3,Camil Alimentos SA,Consumer Defensive,0.0863,0.0086,0.0849,0.1734,0.0109261216188,3.01,0.53,4533000000.0,0,0,0.826724415439993,11.054695502033889,5.17,0.32
CRFB3,Atacadao SA,Consumer Defensive,0.06280000000000001,0.0246,0.0471,0.1319,0.009597551551200002,1.07,0.18,54267000000.0,0,0,0.8369129005586141,27.35948938229778,6.57,0.35
CEDO3,Cia de Fiacao e Tecidos Cedro e Cachoeira,Consumer Cyclical,0.0105,-0.0833,0.0762,0.293,0.0,0,0,650000000.0,0.0,0.021400000000000002,4.9,65.0,19.02,0
CLSC3,Centrais Eletricas de Santa Catarina SA,Utilities,0.0341,-0.10310000000000001,0.0175,0.0906,0.0,0.98,0.54,7665000000.0,-0.0366,0.0374,4.277714404231048,198.71927823291506,46.69,0.46
CELP5,Centrais Elet Do Para SA PRF PERPETUAL BRL - Class A 0%,Utilities,0.1685,0.04,0.0516,0.163,0.05668879200000001,1.6,0.93,5492000000.0,-0.0434,0.0946,0.20596902769038555,2.486114066100214,1.36,0.06
RANI3,Celulose Irani SA,Basic Materials,0.1281,0.04190000000000001,0.002,0.009300000000000001,9.983345400000002e-05,0.86,1.74,933000000.0,-0.46299999999999997,0.0713,0.017994241842610365,5.596209213051823,1.88,0
CMIG3,Energy Company of Minas Gerais,Utilities,0.133,-0.1016,0.0233,0.0693,0.0,0.93,0.81,22236000000.0,-0.31670000000000004,0.033,0.6676949443016281,15.243187660668381,9.99,0.03
HGTX3,CIA Hering SA,Consumer Cyclical,0.1353,0.19140000000000001,0.14980000000000002,0.19469999999999998,0.7552965395052,3.17,0.03,1570000000.0,-0.0552,-0.0173,1.5570549417958033,9.700699438965918,8.34,1.07
CEEB3,Companhia de Eletricidade do Estado da Bahia – Coelba,Utilities,0.1112,-0.1482,0.0472,0.15259999999999999,0.0,1.23,1.04,9237000000.0,0.052199999999999996,0.1065,2.438037970819852,35.24281179415176,19.86,1.18
CGAS3,CIA de Gas de Sao Paulo - COMGAS,Utilities,0.2695,0.1523,0.1573,0.5654,3.6504230632869996,1.69,1.09,6840000000.0,0.16699999999999998,0.0121,10.142172197268657,51.8091544655098,20.61,4.44
CALI4,Construtora Adolpho Lindenberg SA Pfd Shs,Industrials,-1.5386000000000002,-1.3036,0.0535,0.09949999999999999,0.0,3.35,0,7000000.0,-0.4445,-0.469,8064.5161290322585,18817.204301075268,69.94,5.88
CSMG3,Compania de Saneamento de Minas Gerais - COPASA MG,Utilities,0.1605,0.0463,0.0526,0.0928,0.036273523871999995,1.39,0.47,4737000000.0,0.0,0.048799999999999996,4.568011297741241,37.37248621312652,49.12,1.81
CPLE3,Cia Paranaense De Energia Copel,Utilities,0.1318,-0.066,0.0323,0.0697,0.0,0.77,0.41,15174000000.0,-0.0501,0.0025,4.048893679998538,55.44937969340958,58.59,1.01
RLOG3,Cosan Logistica SA,Industrials,0.2384,0.10710000000000001,0.0028000000000000004,0.0332,0.002373514214400001,1.65,4.41,6585000000.0,0,0.1771,0.16190870939329569,14.215584684731361,4.95,0
CSRN3,CIA Energetica Do Rio Grande Norte - COSERN,Utilities,0.157,-0.0492,0.0797,0.2657,0.0,1.39,1.51,2397000000.0,0.0308,0.0989,1.439841974368433,14.261575258517082,5.75,0.31
CTNM3,CIA Tecidos Norte De Minas COTEMINAS,Consumer Cyclical,0.2425,-0.17980000000000002,0.0377,0.1586,0.0,1.2,0.63,1779000000.0,0.0,-0.11630000000000001,4.798276537406972,58.068938503721114,33.56,0
CCPR3,Cyrela Commercial Propert SA Empr Part,Real Estate,0.4581,0.29960000000000003,-0.0002,-0.0008,0.0,1.38,1.36,490000000.0,0.0,0.0842,-0.008356732183446985,4.094798769889023,8.74,1.0
DTCY3,DTCOM - Direct To Co SA,Communication Services,0.3471,-0.0782,0.07429999999999999,0.6154,0.0,0.44,0.08,18000000.0,0,0.0711,0.2567723712928489,2.31095134163564,0.83,0
DASA3,Diagnosticos da America SA,Healthcare,0.0897,0.058600000000000006,0.0274,0.0553,0.007964632712400001,1.63,0.63,3933000000.0,0.0703,0.096,0.5898834980091432,12.608759769945436,10.7,0.7
PNVL3,Dimed SA Distribuidora de Medicamentos,Healthcare,0.0458,0.0209,0.07690000000000001,0.1684,0.012395960711199997,1.55,0.13,2432000000.0,0.0596,0.0692,16.512549537648614,535.4469396741523,102.72,4.38
DIRR3,Direcional Engenharia SA,Real Estate,-0.024399999999999998,0.2097,-0.0176,-0.056600000000000004,0.0,2.95,0.43,1166000000.0,0.0,-0.0943,-0.5019589436697762,7.601092575570897,8.73,0.61
DOHL4,Dohler SA Pfd Shs,Consumer Cyclical,0.0668,-0.055999999999999994,0.0709,0.0898,0.0,6.13,0.03,481000000.0,0.0434,0.0547,0.8262277744728667,7.948311190428978,9.43,0.22
DMMO3,Dommo Energia SA,Energy,-0.2693,0.18239999999999998,-0.6757,0,0.0,1.01,0,538000000.0,0,-0.0271,-0.2484817064138646,0.1992297437416679,-0.14,0
DTEX3,Duratex SA,Basic Materials,0.07200000000000001,0.026000000000000002,0.0452,0.09230000000000001,0.007809909120000002,1.76,0.47,4949000000.0,-0.0366,0.050300000000000004,0.624471475964353,7.1539567929342205,6.72,0.79
EMAE4,Empresa Metropolitana de Aguas & Energia SA,Utilities,0.0665,0.20120000000000002,0.0786,0.1202,0.12640860405600002,3.05,0.08,316000000.0,0.1024,0.1041,2.760711289143909,8.55279183695564,23.52,1.51
ELEK3,Elekeiroz SA,Basic Materials,0.0603,0.0202,0.1308,0.3931,0.0626295756888,1.95,0.77,1148000000.0,0.0,0.0271,2.096236303001429,36.461807209782435,5.9,1.25
EKTR4,Elektro - Eletricidade e Servicos SA Pfd Shs,Utilities,0.1173,-0.0666,0.057699999999999994,0.21600000000000003,0.0,1.92,1.58,6249000000.0,0.0362,0.038599999999999995,2.1315138909676454,32.251405096021344,11.84,0.73
LIPR3,Eletrobras Participacoes SA,Utilities,0.0,0.0,0.0557,0.0678,0.0,6.91,0,0,0.314,0,1.1049723756906078,0.0,15.93,0.81
ELPL3,Eletropaulo Metrop Elect Sao Paulo SA,Utilities,0.036000000000000004,-0.1215,-0.0192,-0.13449999999999998,0.0,1.07,1.19,14490000000.0,0.0,0.0197,-1.5709547914121138,72.26392040495723,14.59,0
ECPR3,Empresa Nacional de Comercio Redito e Participacoes SA - ENCORPAR,Consumer Cyclical,0.0,0.0,0.09849999999999999,0.1685,0.0,0.18,0,0,0.0,0.0,15.263157894736842,0.0,104.38,10.35
ENGI3,Energisa SA,Utilities,0.0524,-0.1075,0.0393,0.2488,0.0,1.46,2.53,23211000000.0,0.4165,0.0767,0.6326602592363989,12.79153072921259,2.97,0.15
ENMT3,Energisa Mato Grosso - Distribuidora de Energia Sa,Utilities,0.17010000000000003,-0.043899999999999995,0.022099999999999998,0.078,0.0,1.39,1.73,4373000000.0,0.0,0.0788,2.0055328282709675,20.5390984965549,8.2,2.14
ENEV3,Eneva SA,Utilities,0.3602,0.3425,0.0765,0.1519,1.4335851489750002,2.19,0.77,3129000000.0,0,0.1681,2.819137115463983,9.933648687259913,19.99,0
ESTR3,Manufaturas de Brinquedos Estrela SA,Consumer Cyclical,0.1309,-0.2368,-0.1316,0,0.0,0.17,0,135000000.0,0,-0.07150000000000001,-35891.08910891089,167079.20792079208,-541.28,0
ETER3,Eternit SA,Basic Materials,-0.1267,-0.0040999999999999995,-0.2637,-1.6349,0,1.14,2.63,537000000.0,0.0,-0.18030000000000002,-4.994469211946503,18.00020111956558,0.41,0
EUCA4,Eucatex SA Industria e Comercio Pfd Shs,Basic Materials,0.099,0.0195,0.0137,0.0232,0.00061359012,0.97,0.12,1262000000.0,-0.20079999999999998,0.0245,0.3131107008281238,13.625713946382492,13.71,0.07
EVEN3,Even Construtora E Incorporadora SA,Real Estate,-0.10890000000000001,0.20010000000000003,-0.0339,-0.0964,0.0,2.73,0.55,1475000000.0,0.0,-0.1255,-0.7419354838709677,6.797235023041475,7.38,0
BAUH4,Excelsior Alimentos SA Pfd Shs,Consumer Defensive,0.08199999999999999,0.0745,0.11779999999999999,0.2218,0.15961619635999996,1.54,0,174000000.0,0.008199999999999999,0.0819,1.9149751053236308,33.32056683263117,9.41,0.45
EZTC3,EZ TEC Empreendimentos e Participacoes SA,Real Estate,-0.044000000000000004,0.35719999999999996,0.0321,0.0379,0.0,8.05,0.03,391000000.0,-0.39659999999999995,-0.21710000000000002,0.49,1.955,13.05,0.43
FHER3,Fertilizantes Heringer SA,Basic Materials,-0.053099999999999994,0.0045000000000000005,-0.3268,0.0,0.0,0.4,0,3689000000.0,0.0,-0.1638,-14.482797036596914,68.49620290770002,-11.54,0
FESA3,CIA de Ferro Ligas da Bahia - Ferbasa,Basic Materials,0.2278,0.1555,0.1367,0.1894,0.917133595442,3.12,0.28,1381000000.0,0.2125,0.1085,3.498641304347826,15.636322463768115,20.48,1.07
FBMC4,Fibam Companhia Industrial Pfd Shs,Industrials,-0.4982,-0.0842,-0.46840000000000004,0.0,0,0.32,0,40000000.0,0.0,-0.2095,-33012.379642365886,55020.63273727648,-75.29,0
CRIV3,Financeira Alfa SA - Credito Financiamento e Investimentos,Financial Services,0.15439999999999998,0.2937,0.012,0.07780000000000001,0.042336220608000005,1.37,2.32,657000000.0,0.049699999999999994,0.1985,0.6605597272276891,6.382172658655761,8.76,0.04
FJTA3,Taurus Armas SA,Industrials,0.0583,0.0177,-0.0708,0.0,0.0,1.15,0,845000000.0,0.0,0.0086,-0.8014640075871926,11.287284773519628,-5.44,0
FRAS3,Fras-le SA,Consumer Cyclical,0.0959,0.1277,0.0647,0.1175,0.0931004224675,2.1,0.27,1457000000.0,0.18460000000000001,0.1523,0.4274564959598467,6.696818436704264,3.76,0.23
GPCP3,GPC Participacoes SA,Basic Materials,0.0644,0.0055000000000000005,0.008199999999999999,0.0429,0.00012460047600000002,1.38,0.58,735000000.0,0,0.1605,1.1167836630504149,117.26228462029356,27.41,0
GFSA3,Gafisa SA,Consumer Cyclical,-0.2606,-0.044000000000000004,-0.1861,-0.5606,0,2.18,0.87,933000000.0,0.0,-0.34340000000000004,-13.070289110326646,20.845435452879933,11.14,0
GSHP3,General Shopping e Outlets do Brasil SA,Real Estate,0.5914,-0.8831,-0.1093,-0.5652,0.0,0.66,40.97,216000000.0,0.0,-0.0639,-5.141447411058,3.1107917108922356,0.57,0
GEPA3,Rio Paranapanema Energia SA,Utilities,0.3714,0.2455,0.057,0.1537,0.7988074728300002,0.86,0.8,1319000000.0,-0.09359999999999999,0.016399999999999998,2.710916734616077,13.967574894369553,17.32,3.35
GGBR3,Gerdau SA,Basic Materials,0.0964,0.016,0.0454,0.0933,0.006533328768000001,2.06,0.51,46159000000.0,0.0,0.019299999999999998,1.3397997278531804,26.841933870648848,15.14,0.38
GOAU3,Metalurgica Gerdau SA,Basic Materials,0.0959,0.0169,0.015700000000000002,0.08960000000000001,0.0022798851712000005,1.92,1.4,46159000000.0,0.0,0.019299999999999998,0.8096624447347114,46.77497970777164,9.53,0.2
CGRA3,Grazziotin SA,Consumer Cyclical,0.0885,0.0591,0.08349999999999999,0.1101,0.048084438172499994,3.44,0,453000000.0,0.010700000000000001,0.0067,2.742198445422772,22.585743559573014,25.49,1.29
GRND3,Grendene SA,Consumer Cyclical,0.1674,-0.0529,0.1301,0.152,0.0,5.72,0.01,2211000000.0,0.0203,0.013000000000000001,0.5608761195353374,2.450784783187018,3.8,0.21
GUAR3,Guararapes Confeccoes SA,Consumer Cyclical,0.2016,-0.0149,0.13390000000000002,0.276,0.0,1.65,0.29,7193000000.0,0.24050000000000002,0.0931,19.807692307692307,115.2724358974359,78.99,3.6
HAGA3,Haga SA Industria E Comercio,Basic Materials,0.30010000000000003,-0.0207,0.1012,0,0.0,2.02,0,23000000.0,0.1489,-0.08220000000000001,0.5042016806722689,1.9327731092436975,-6.46,0
HBOR3,Helbor Empreendimentos SA,Real Estate,-0.48109999999999997,0.29960000000000003,-0.07490000000000001,-0.3116,0.0,1.97,1.31,642000000.0,0.0,-0.21100000000000002,-0.7446829419562231,1.4020130461463203,1.82,0
HETA4,Hercules SA Fabrica de Talheres Pfd Shs,Consumer Defensive,-2.1965,0.0,0.1522,0,0.0,0.01,0,2000000.0,0,-0.1563,1960.7843137254902,3921.5686274509803,-757.66,0
HOOT4,Hoteis Othon SA Pfd Shs,Consumer Cyclical,-0.5234000000000001,0.0083,-0.18469999999999998,0,0.0,0.06,0,79000000.0,0,-0.1843,-5.116481602438493,4.300021772262138,-12.32,0
IGBR3,IGB Eletronica SA,Financial Services,-3.4751,0.2655,-0.287,0,0.0,0.03,0,4000000.0,0,-0.19140000000000001,-5.757696921231507,0.3198720511795282,-67.11,0
MEAL3,International Meal Co Alimentacao SA,Consumer Cyclical,0.0181,-0.0016,0.005,0.0078000000000000005,0.0,1.22,0.11,1582000000.0,0.0,-0.0069,0.04803881536281315,9.4996757379963,6.47,0.01
IRBR3,IRB Brasil Resseguros SA,Financial Services,0,-0.0967,0.0805,0.3215,0.0,0,0,6045000000.0,0,0,3.907051282051282,19.375,12.89,2.22
IDNT3,Ideiasnet SA,Financial Services,0.0,0.0,0.1893,1.44,0.0,1.3,0,0,0,0.0,0.6730298580518845,0.0,0.81,0
PARD3,Instituto Hermes Pardini SA,Healthcare,0.1444,0.0908,0.1027,0.21559999999999999,0.2903168492224,2.08,0.38,1205000000.0,0.1387,0.1567,0.9390818375464769,9.199948083280526,4.65,0.33
ROMI3,Industrias Romi SA,Industrials,0.1338,-0.041100000000000005,0.14,0.24230000000000002,0.0,1.92,0.2,732000000.0,1.2795,0.0218,2.6885997009131692,11.6452957459671,11.97,0.72
IDVL3,Banco Indusval SA,Financial Services,0,0.56,-0.049,-0.6279,0.0,0,1.54,333000000.0,0,0.1378,-8.19527034557816,21.832200200620218,3.43,0
INEP3,Inepar SA Industria e Construcoes,Industrials,-2.8962,-0.3271,-0.1589,0.0,0,0.23,0,43000000.0,0.0,-0.5993999999999999,-36.204100281349945,5.744562037262169,-172.45,0
MYPK3,Iochpe-Maxion SA,Consumer Cyclical,0.0746,0.015,0.023799999999999998,0.0758,0.0020187207599999995,1.08,0.6,9616000000.0,0.034,0.0944,1.3194084323983695,63.121549681307066,19.35,0.98
ITUB3,Itau Unibanco Holding SA,Financial Services,0,-0.4412,0.016399999999999998,0.1819,0.0,0,1.27,101227000000.0,0.0351,0.06849999999999999,2.424485982452311,10.324923960694155,14.04,0.4
ITSA3,Itausa Investimentos ITAU SA,Financial Services,0.0,-0.0708,0.1424,0.17309999999999998,0.0,0,0.07,15907000000.0,0.0209,0.0458,1.1219042410263118,1.8912813440022829,6.56,0.89
JBDU3,Industrias J B Duarte SA,Communication Services,0,0,-0.0152,0.0,0,0.07,0,0,0,0,-7352.941176470588,0.0,-15.72,0
JHSF3,JHSF Participacoes SA,Real Estate,0.2586,-0.5015999999999999,0.0393,0.08380000000000001,0.0,0.97,0.47,486000000.0,-0.106,-0.08349999999999999,0.34519842270874546,0.9217935903101665,4.23,0
JSLG3,JSL SA,Industrials,0.1191,-0.31420000000000003,0.0096,0.18230000000000002,0.0,1.78,13.19,8075000000.0,0.07,0.1047,0.6373517305802333,39.28713911782736,3.67,0.15
JOPA3,Josapar-Joaquim Oliveira SA Particip,Consumer Defensive,0.0572,-0.0464,0.0137,0.050199999999999995,0.0,2.25,1.04,1107000000.0,-0.0007000000000000001,0.0155,2.268002268002268,104.6116046116046,46.19,0.52
JFEN3,Joao Fortes Engenharia SA,Real Estate,-2.1855,0.9845999999999999,-0.17059999999999997,-0.8276,0.0,1.39,0.12,104000000.0,0.0,-0.4092,-3.450439146800502,0.9885555682293449,3.77,0
CTKA3,Karsten SA,Consumer Cyclical,0.1478,0.036000000000000004,-0.1585,0.0,0.0,0.35,0,317000000.0,0.0,-0.011899999999999999,-8.541498791297341,51.08783239323127,-4.19,0
KEPL3,Kepler Weber SA,Industrials,0.0398,-0.0546,0.0116,0.0189,0.0,1.55,0.08,576000000.0,-0.3319,-0.0654,0.30404378230465184,21.891152325934936,16.76,0
KLBN3,Klabin SA,Basic Materials,0.2975,0.21489999999999998,0.0046,0.0203,0.005970040194999999,2.93,2.76,10016000000.0,-0.1388,0.1684,0.025324411253650782,1.851454767274206,1.2,0.17
LLIS3,Restoque Comercio E Confeccoes De Roupas SA,Consumer Cyclical,0.22089999999999999,-0.045899999999999996,0.027999999999999997,0.0473,0.0,0.83,0.22,1244000000.0,0.0,0.015300000000000001,1.996085347183194,24.108059921319356,43.14,1.87
LIGT3,Light SA,Utilities,0.08449999999999999,-0.0599,0.0101,0.048600000000000004,0.0,1.07,2.37,11971000000.0,-0.2235,0.0398,0.8139888395265135,58.70036384320417,16.62,0.14
LINX3,Linx SA,Technology,0.13140000000000002,0.0217,0.044199999999999996,0.0638,0.0080407775448,3.21,0.2,686000000.0,0.0263,0.15130000000000002,0.42691616208383193,4.124851932246601,6.66,0.23
LCAM3,Companhia de Locacao Americas SA,Industrials,0.19519999999999998,0.066,0.034,0.1241,0.05435937408000001,1.15,1.4,2917000000.0,0.6343,0.4008,1.2663910535167477,19.545305307451606,17.42,0.92
LOGN3,Log-In Logistica Intermodal SA,Industrials,0.09300000000000001,0.0547,0.0052,0.0,0.0,1.01,0,977000000.0,0,-0.025,0.15433488096922304,25.13086311782182,-9.54,0
LAME3,Lojas Americanas SA,Consumer Cyclical,0.09720000000000001,0.0092,0.013600000000000001,0.0797,0.0009692846208,2.08,2.71,17690000000.0,-0.0384,-0.0044,0.23740355480586012,11.051760222409646,3.08,0.08
AMAR3,Marisa Lojas SA,Consumer Cyclical,0.1057,0.0129,0.0095,0.029300000000000003,0.00037953857550000004,1.44,0.46,2764000000.0,-0.198,-0.0441,0.13719706398283077,13.543310173162295,4.78,0
LPSB3,LPS Brasil - Consultoria de Imoveis SA,Real Estate,-0.2531,-0.1148,-0.1788,-0.6805,0,0.68,0,109000000.0,0.0,-0.2635,-0.37368910656500204,0.8666406939486218,0.37,0
LUPA3,Lupatech SA,Energy,-0.322,-0.2084,-0.1672,-1.1349,0,1.78,1.45,127000000.0,0,-0.2587,-5.8440775997108085,7.651524280033739,5.22,0
MDIA3,M Dias Branco SA Industria e Comercio de Alimentos,Consumer Defensive,0.1241,0.0796,0.1041,0.1371,0.1409850405396,1.91,0.06,6025000000.0,0.0621,0.0692,2.1327433628318584,17.772861356932154,16.41,0.41
MMXM3,MMX Mineracao E Metalicos SA,Basic Materials,-8.5206,-1.2253,-0.7556999999999999,0.0,0,0.04,0,3000000.0,0,-0.6960999999999999,-16.954377311960542,0.4623921085080148,-94.27,0
MAGG3,Magnesita Refratarios SA,Basic Materials,0.133,0.1082,-0.0038,-0.0121,0.0,1.14,0.72,4345000000.0,0.0,0.0836,-0.49960031974420466,86.83053557154277,44.89,0
MGEL4,Mangels Industrial SA Pfd Shs,Basic Materials,0.042300000000000004,0.0242,-0.0664,0.0,0.0,2.24,0,459000000.0,0.0,-0.012199999999999999,-4.149944408036367,79.36768680369552,-64.05,0
POMO3,Marcopolo SA,Consumer Cyclical,0.049100000000000005,0.0151,0.0378,0.0933,0.0026147603034,1.67,0.52,4197000000.0,-0.08349999999999999,0.0278,0.1974879949476868,4.432390988210917,2.23,0.11
MSPA3,CIA Melhoramentos de Sao Paulo,Basic Materials,-0.12359999999999999,0.44789999999999996,0.0032,0.0051,0.0,3.83,0.01,138000000.0,0.0,0.0055000000000000005,0.78064012490242,21.54566744730679,163.33,5.15
MERC4,Mercantil do Brasil Financeira SA CFI Pfd Shs,Financial Services,0,0.15410000000000001,0.0385,0.1523,0.0,0,0,101000000.0,0.0,-0.1981,1.38811771238201,5.607995558023321,9.72,0.54
BMIN3,BCO Mercantil de Investimentos SA,Financial Services,0.3676,-0.0834,0.030600000000000002,0.0506,0.0,4.66,0.01,20000000.0,0.005600000000000001,0.2447,0.8290155440414507,4.1450777202072535,22.17,0
MTIG4,Metalgrafica Iguacu SA Pfd Shs,Consumer Cyclical,0.0611,-0.1324,0.0046,0.0178,0.0,0.79,0.52,143000000.0,0.0,0.0696,0.0,593360.9958506224,102.19,0
LEVE3,MAHLE-Metal Leve SA,Consumer Cyclical,0.1396,0.0248,0.1284,0.2151,0.09561863358719999,1.97,0.1,2592000000.0,0.0768,0.016,2.2757739190073885,20.20139040433956,10.57,1.79
FRIO3,Metalfrio Solutions SA,Technology,0.0385,0.1475,-0.0138,-0.38789999999999997,0.0,1.09,10.14,1197000000.0,0.0,0.0555,-4.382761139517896,291.4536157779401,9.19,0
MTSA4,Metisa Metalurgica Timboense SA Pfd Shs,Industrials,0.0603,0.0352,0.0592,0.0725,0.00911002752,4.82,0,271000000.0,-0.0629,0.0181,1.7510719843804379,29.658781735443668,25.62,0.65
MILS3,Mills Estruturas e Servicos de Engenharia SA,Industrials,-0.3932,0.1198,-0.0849,-0.1189,0.0,1.26,0.07,311000000.0,0.0,-0.1857,-0.5410454136434568,1.7712118278222637,4.33,0
BEEF3,Minerva SA,Consumer Defensive,0.042800000000000005,0.0704,-0.1023,0.0,0.0,1.36,0,16215000000.0,0.0,0.19399999999999998,-3.3580029306207395,43.04349211068402,-0.81,0
MNPR3,Minupar Participacoes SA,Consumer Defensive,0.0463,-0.005600000000000001,-0.3764,0.0,0.0,0.09,0,200000000.0,0,-0.023799999999999998,-9.43661971830986,28.169014084507044,-50.65,0
MOAR3,Monteiro Aranha SA,Industrials,0.0,0.0,0.0255,0.0332,0.0,3.61,0.13,3000000.0,-0.2481,-0.4733,3.3466655783201373,0.24487796914537588,92.58,13.55
MOVI3,Movida Participacoes SA,Industrials,0.149,-0.4208,0.0347,0.1085,0.0,0.87,1.07,2539000000.0,0,0,0.607392728749796,9.638563364348325,6.32,0.3
MPLU3,Multiplus SA,Industrials,0.6577,0.6504000000000001,0.213,1.4546000000000001,132.535298672784,1.06,0,632000000.0,-0.0943,-0.3461,2.1941854086670323,3.8952954445999,1.54,2.1
MNDL3,Mundial SA - Produtos De Consumo,Consumer Defensive,0.1303,-0.0942,0.0031,0.0,0.0,0.28,0,470000000.0,0,0.0278,1.2096774193548387,189.51612903225808,-54.32,0
NAFG4,Nadir Figueiredo Industria e Comercio SA Pfd Shs,Consumer Defensive,0.1787,0.0709,0.12279999999999999,0.22460000000000002,0.3494450608504,1.65,0.11,768000000.0,0.6859999999999999,0.0956,6.112379409382134,56.5579203181383,29.16,0.97
NORD3,Nordon Industrias Metalurgicas SA,Industrials,-5.772,0.0271,-0.31579999999999997,0,0.0,0.01,0,1000000.0,0,0,-0.7551729346020238,0.15103458692040478,-20.99,0
NUTR3,Nutriplant Industria & Comercio SA,Basic Materials,0.0576,0.0034000000000000002,-0.038599999999999995,0.0,0.0,1.61,0,51000000.0,0,0.0298,-23437.5,398437.5,-169.17,0
OSXB3,OSX Brasil SA,Energy,-7.453099999999999,-0.0332,-0.245,0.0,0,0.03,0,9000000.0,0,-0.7203,-135.64167725540025,2.8589580686149936,-1272.92,0
ODPV3,Odontoprev SA,Healthcare,0.2365,0.1895,0.1875,0.292,2.4537170624999995,1.36,0,1595000000.0,0.08650000000000001,0.0832,0.5364251498696581,3.002098645761771,1.94,0.28
OIBR3,Oi SA,Communication Services,0.1148,-0.09369999999999999,0.37979999999999997,0.0,0.0,1.89,0,22523000000.0,0.0,-0.0556,4.790392008343676,3.782701651436547,3.83,0
OMGE3,Omega Geracao SA,Utilities,0.35359999999999997,0.205,0.0105,0.0235,0.017886413999999996,2.01,1.1,742000000.0,0.0,0,0.30657829425676664,5.416216531869543,13.23,0.09
OFSA3,Ouro Fino Saude Animal Participacoes SA,Healthcare,0.1674,-0.009399999999999999,0.08310000000000001,0.1598,0.0,2.42,0.46,589000000.0,-0.0017000000000000001,0,1.2789857087249068,10.91771858607203,8.45,0.21
PDGR3,PDG Realty SA Empreendimentos e Participacoes,Real Estate,-2.0845,0.9695,-0.30820000000000003,0.0,0.0,0.54,0,213000000.0,0.0,-0.5109,-104.00396677823231,26.403867608776498,-491.35,0
PATI3,PanAtlantica SA,Basic Materials,0.0661,0.0042,0.0767,0.16829999999999998,0.0035836883082,2.17,0.29,1066000000.0,-0.0018,0.0739,3.587645047368126,59.756712820225346,24.23,0.19
PEAB3,Companhia de Participacoes Alianca da Bahia,Financial Services,0.09359999999999999,0.1257,0.0542,0.0683,0.0435543078672,3.47,0,375000000.0,0.0,0.0928,2.801556420233463,29.182879377431906,40.71,3.13
PMAM3,Paranapanema SA,Basic Materials,-0.0138,0.0134,-0.0732,-0.4338,0.0,1.52,3.35,4766000000.0,0.0,-0.0393,-0.4665135693343155,6.883602697979404,0.87,0
PRIO3,Petro Rio SA,Energy,0.20629999999999998,0.0836,0.146,0.2168,0.5459057127039998,2.8,0.06,849000000.0,0,0.49700000000000005,1.5120670325131291,6.262170295627545,8.06,0
RPMG3,Refinaria De Petroleos Manguinhos SA,Energy,-0.8128,-0.0001,-1.1193,0.0,0,0.2,0,712000000.0,0,-0.1217,-8.346628848312946,10.518229628316492,-31.58,0
PTNT3,Pettenati SA Industria Textil,Consumer Cyclical,0.0759,-0.0356,0.0348,0.0873,0.0,1.29,0.27,506000000.0,0.066,0.0189,0.3330107291894311,10.531464310615757,3.99,0.15
PLAS3,Plascar Participacoes Industriais SA,Consumer Cyclical,-0.10400000000000001,0.0325,-0.1489,0.0,0.0,0.07,0,400000000.0,0.0,-0.1394,-5.79476861167002,32.19315895372233,-41.39,0
FRTA3,Pomifrutas SA,Consumer Defensive,-1.8581,3.6123000000000003,-0.1489,0.0,0.0,0.05,0,5000000.0,0,-0.48119999999999996,-0.6663002015558109,0.4164376259723819,-18.21,0
PSSA3,Porto Seguro SA,Financial Services,0,0.0338,0.044199999999999996,0.1707,0.0,0,0,18902000000.0,-0.0138,0.0454,4.055145023245168,58.46708713148754,23.64,3.02
PTBL3,Portobello SA,Basic Materials,0.23190000000000002,-0.0572,0.0934,0.415,0.0,1.4,1.36,1054000000.0,0.0821,-0.002,0.8454845446687151,6.650303806573326,2.28,0.2
POSI3,Positivo Tecnologia SA,Technology,0.0625,-0.04769999999999999,-0.0003,-0.0009,0.0,1.28,0.18,1740000000.0,0.0,-0.0748,-0.0,19.81776765375854,5.92,0
PFRM3,Profarma Distribuidora Produtos Farmaceuticos SA,Healthcare,0.0124,-0.0167,-0.0034999999999999996,-0.011000000000000001,0.0,1.38,0.34,4271000000.0,0.0,0.0424,-0.08076696308142117,34.495569932074986,8.33,0
QGEP3,Enauta Participacoes SA,Energy,0.5189,0.6009,0.10800000000000001,0.1348,4.539411174384001,9.93,0.08,797000000.0,0.1721,0.10400000000000001,1.5989044682796165,2.998416144044363,12.24,1.54
RDNI3,RNI Negocios Imobiliarios SA,Real Estate,-0.2425,-0.10640000000000001,-0.0222,-0.0415,0,2.11,0.36,183000000.0,0.0,-0.3106,-0.5940141649531643,4.180945853324195,14.58,0
RAPT3,Randon SA Implementos E Participacoes,Consumer Cyclical,0.1026,0.0487,0.0281,0.1025,0.014391514754999998,2.2,1.3,4263000000.0,-0.08380000000000001,0.0004,0.43959094905372265,12.328790893526445,13.08,0.1
RCSL4,Recrusul SA Pfd Shs,Industrials,-1.1284,-8.9372,-0.3326,0,0,0.03,0,4000000.0,0,-0.252,-0.17145193410970286,0.05275444126452396,-0.84,0
REDE3,Rede Energia Participacoes SA,Utilities,0.12369999999999999,-0.052199999999999996,0.0254,0.12789999999999999,0.0,1.52,1.89,10070000000.0,-0.0078000000000000005,0.0781,0.1943757380203803,4.893409204663074,1.58,0.01
RNEW3,Renova Energia SA,Utilities,-0.48100000000000004,0.030699999999999998,-0.4264,-1.4177000000000002,0.0,0.92,0.26,781000000.0,0.0,0.3433,-34.18024928092042,18.720038350910833,7.02,0
RSUL4,Metalurgica Riosulense SA Pfd Shs,Consumer Cyclical,0.18,0.0908,0.06480000000000001,0.0,0.0,0.38,0,145000000.0,0.0,0.013999999999999999,20583.190394511148,248713.55060034306,-34.16,0
RSID3,Rossi Residencial SA,Consumer Cyclical,-1.4699,0.6171,-0.1924,-9.5084,0.0,1.26,0,149000000.0,0.0,-0.505,-35.79486163012365,8.686375216430658,-14.64,0
SLCE3,SLC Agricola SA,Consumer Defensive,0.3508,0.0681,0.069,0.1492,0.24593741870400002,1.37,0.33,2230000000.0,0.3188,0.0818,3.998006243605551,23.400403998006244,27.8,2.13
SAPR3,CIA Saneamento Do Parana-SANEPAR,Utilities,0.299,0.0931,0.08539999999999999,0.1642,0.390347940892,0.78,0.4,4162000000.0,0.1724,0.1189,1.7707723306897476,8.262280762702611,11.35,0.62
SANB3,Banco Santander (Brasil) SA,Financial Services,0,0.13949999999999999,0.0089,0.0688,0.0,0,0.93,37751000000.0,0.0875,0.11539999999999999,1.6779288740593157,5.034453419536896,12.18,0.84
CTSA3,CIA Tecidos Santanense,Consumer Cyclical,0.2813,-0.27149999999999996,0.12560000000000002,0.2658,0.0,1.23,0.41,437000000.0,0.0,0.0258,1.8321076872185043,11.119875823812311,7.06,2.08
STBP3,Santos Brasil Participacoes SA,Industrials,0.0708,0.0038,0.0012,0.0022,7.102656e-07,1.37,0.79,922000000.0,-0.5893,-0.07719999999999999,0.004496632022615061,1.3819649082836956,2.02,0
SMTO3,Sao Martinho SA,Consumer Defensive,0.1856,0.0832,0.0407,0.11359999999999999,0.0713960259584,2.82,1.07,3251000000.0,0.1979,0.15289999999999998,1.0494188362439596,8.931048786987207,9.53,0.51
SLED3,Saraiva Livreiros SA EM Recuperacao Judicial,Consumer Cyclical,-0.1298,0.132,-0.25379999999999997,-1.1115000000000002,0.0,0.6,0.15,1445000000.0,0.0,-0.0758,-11.310014231143734,54.11579656954535,4.53,0.21
SHUL4,Schulz SA,Consumer Cyclical,0.09300000000000001,-0.0527,0.0593,0.1366,0.0,2.76,0.66,947000000.0,0.0269,0.031,0.7834885386819485,10.599480659025788,6.08,0.22
CSAB3,CIA Seguros Alianca Da Bahia,Financial Services,0,0.5465,0.028999999999999998,0.0767,0.0,0,0,32000000.0,-0.28,-0.1406,2.2135416666666665,4.166666666666667,23.54,0
SEER3,Ser Educacional SA,Consumer Defensive,0.1867,0.23079999999999998,0.0815,0.1351,0.47445287233399996,2.81,0.27,1262000000.0,0.0771,0.0736,1.5118238161140862,9.492147541970034,11.42,0.42
SSBR3,Sonae Sierra Brasil SA,Real Estate,0.7134,0.4955,0.0349,0.0707,0.8722110904710001,1.35,0.2,374000000.0,-0.0348,0.0415,2.4730451167172616,4.89375065424474,36.2,0.46
SEDU3,SOMOS Educacao SA,Consumer Defensive,-0.1074,-0.1174,-0.10890000000000001,-0.6456999999999999,0,1.09,4.21,1867000000.0,0.0,0.1249,-1.5221513071808155,7.122447344628027,1.49,0
SPRI3,Springer SA,Consumer Cyclical,0.0,0.0,-0.0645,-0.0706,0,20.06,0,0,0.0,0.0,-1.1862396204033214,0.0,15.99,0
SGPS3,Springs Global Participacoes SA,Consumer Cyclical,0.1907,-0.0978,0.0375,0.0902,0.0,1.3,0.37,1371000000.0,0,-0.15439999999999998,2.24,27.42,26.5,0
AHEB3,Sao Paulo Turismo SA,Consumer Cyclical,-0.6708,-0.5316,-0.20370000000000002,-0.8626999999999999,0,0.69,0,78000000.0,0.0,-0.2623,-7.311885136931667,10.369582557830364,4.44,0
SULA3,Sul America SA,Financial Services,0,0.0168,0.0368,0.152,0.0,0,0.35,20976000000.0,0.0721,0.0855,0.7653535848992777,17.739289278284254,5.42,0.19
SCAR3,Sao Carlos Empreend E Participacoes SA,Real Estate,0.4157,-0.022099999999999998,0.0055000000000000005,0.011200000000000002,0.0,2.15,0.81,369000000.0,-0.5422,-0.10529999999999999,0.2771186587456917,6.391049067322514,24.88,0
TOTS3,Totvs SA,Technology,0.0546,0.1445,0.024399999999999998,0.0467,0.008990155355999998,1.44,0.18,2320000000.0,-0.3265,0.0672,0.3622357188567841,14.006447795795651,7.87,0.31
TRPN3,Tarpon Investimentos SA,Financial Services,0.6506000000000001,0.0636,0.5829,1.0086,24.3267556973904,1.76,0,127000000.0,-0.0537,-0.0048,1.2362030905077264,2.803532008830022,1.31,1.21
TECN3,Technos SA,Consumer Cyclical,0.034,0.1941,0.0191,0.030899999999999997,0.0038948998859999993,2.87,0.1,306000000.0,-0.1434,-0.0837,0.17833031870175528,3.8977912516240796,6.02,0
TCSA3,Tecnisa SA,Real Estate,-1.1497,0.462,-0.13019999999999998,-0.3043,0.0,1.35,0.56,168000000.0,0.0,-0.4866,-0.8363728592478079,0.5072586294354936,2.33,0
TCNO3,Tecnosolo Engenharia SA,Industrials,-2.2843,0.0004,-0.0052,-0.6820999999999999,0.0,0.31,25.02,2000000.0,0.0,-0.6858,-0.1510574018126888,0.3021148036253776,0.17,0
TOYB3,Tec Toy SA,Consumer Cyclical,-0.5875,-0.708,-0.1134,0.0,0,0.69,0,16000000.0,0,-0.3311,-0.06652474720596062,0.532197977647685,-0.37,0
TGMA3,Tegma Gestao Logistica SA,Industrials,0.12359999999999999,0.0572,0.13140000000000002,0.23199999999999998,0.215525097216,1.98,0.22,1254000000.0,0.1696,-0.0669,1.63628925957911,18.999136402890777,7.35,1.15
TEKA4,Teka-Tecelagem Kuehnrich SA Pfd Shs,Consumer Cyclical,-0.1244,-0.0747,-0.1298,0,0,0.03,0,149000000.0,0,0.0175,-250497.01789264413,296222.6640159046,-2852.44,0
TKNO4,Tekno SA Industria e Comercio Pfd Shs,Basic Materials,-0.0161,-0.011699999999999999,0.0034000000000000002,0.0040999999999999995,0.0,3.25,0.01,137000000.0,-0.4939,-0.0215,0.33921302578018997,46.47218453188602,58.81,0
TELB3,Telecomunicacoes Brasileiras SA,Communication Services,-0.8262,-2.4678,-0.0641,-0.4683,0,1.81,0.69,200000000.0,0,0.45280000000000004,-4.535833081342607,4.031851627860095,7.47,0
VIVT3,Telefonica Brasil SA,Communication Services,0.161,0.059000000000000004,0.0876,0.1266,0.10534542983999999,1.07,0.07,58023000000.0,0.1916,0.021400000000000002,5.2797785899301,34.31323847709612,42.4,3.74
TEND3,Construtora Tenda SA,Consumer Cyclical,0.1607,0.1532,0.0842,0.17,0.35239980136000004,3.94,0.44,1681000000.0,0.0,0.1551,1.9167369470213909,16.11017403971479,12.57,0.26
TESA3,Terra Santa Agro SA,Consumer Defensive,0.16690000000000002,0.0463,0.018600000000000002,0.0438,0.0062954152596000025,0.93,0.6,819000000.0,0,-0.013600000000000001,2.344535000558223,45.71843251088534,52.47,0
TXRX4,Textil Renauxview SA Pfd Shs,Consumer Cyclical,0.15869999999999998,0.042800000000000005,-0.0649,0,0.0,0.15,0,87000000.0,0,-0.0064,-2.582765907490021,20.427330359239257,-73.44,0
SHOW3,T4F Entretenimento SA,Consumer Cyclical,0.0504,-0.1343,0.012199999999999999,0.025699999999999997,0.0,2.23,0.36,598000000.0,-0.263,0.0165,0.11851676271462645,8.859128012918328,4.89,0.31
TRPL3,Cia de Transmissao de Energia Eletrica Paulista,Utilities,0.7199,0.4103,0.1051,0.17059999999999997,5.296090934598198,4.63,0.24,3185000000.0,0.5509000000000001,0.2655,2.8563493063260093,4.83393865071644,16.8,3.14
LUXM4,Trevisa Investimentos SA Pfd Shs,Industrials,0.1503,0.1253,0.0327,0.0604,0.0371958718572,0.97,0.35,133000000.0,-0.0967,0.17420000000000002,1.1547344110854503,25.596612779060816,20.23,0.4
TRIS3,Trisul SA,Real Estate,0.1616,-0.0593,0.071,0.1329,0.0,2.59,0.26,545000000.0,0.1856,0.0095,0.49275243296513777,3.7298621661944455,3.84,0.17
TPIS3,TPI Triunfo Participacoes e Investimentos SA,Industrials,0.3195,0.053399999999999996,0.1693,0.9112,2.631981235608,0.2,0.6,1284000000.0,0.0,-0.047599999999999996,4.215909090909091,7.295454545454546,6.74,0.19
TUPY3,Tupy SA,Consumer Cyclical,0.0882,0.08470000000000001,0.0571,0.12990000000000002,0.055411161636600016,2.0,0.61,4828000000.0,0.0727,0.091,1.8865568949492988,33.486384885350056,15.26,1.21
UCAS3,Unicasa Ind Moveis SA,Consumer Cyclical,-0.0037,0.08109999999999999,0.015700000000000002,0.02,0.0,2.89,0,149000000.0,-0.3626,-0.1247,0.04539539388070091,2.2546378960748115,2.59,0
UNIP3,Unipar Carbocloro SA,Basic Materials,0.2286,0.1993,0.1406,0.45159999999999995,2.8928291077007997,1.42,0.41,3469000000.0,0.0796,0.5925,6.058172221903505,39.80265045034708,15.52,2.04
USIM3,"Usinas Siderurgicas de Minas Gerais,S.A.",Basic Materials,0.0902,0.0339,0.0245,0.0449,0.0033637108890000006,2.64,0.38,14025000000.0,0.0,0.0138,0.5051552973473362,11.192421872506145,11.64,0.12
VLID3,Valid Solucoes eServicos de Seguranca em Meios de Pagamento e Identificacao,Industrials,0.08960000000000001,0.0721,0.04650000000000001,0.09759999999999999,0.029318790144000004,2.07,0.57,1734000000.0,-0.0907,0.0194,1.404001404001404,24.345384345384346,15.22,0.97
VIVR3,Viver Incorporadora e Construtora SA,Real Estate,-1.042,-0.522,-0.2685,0.0,0,1.03,0,85000000.0,0,-0.3035,-4.253297925167865,1.8351793078135459,1.0,0
VULC3,Vulcabras Azaleia SA,Consumer Cyclical,0.1182,0.023,0.1243,0.17629999999999998,0.05957564507399999,2.91,0.04,1249000000.0,0.0,-0.012,0.6184996500594085,5.082276729764482,3.83,0
MWET4,Wetzel SA Pfd Shs,Consumer Cyclical,-0.10880000000000001,-0.0352,-0.1802,0.0,0,0.32,0,163000000.0,0,-0.0653,-15.54907677356657,79.20310981535471,-82.24,0
WHRL3,Whirlpool SA,Technology,0.0393,0.18289999999999998,0.024700000000000003,0.0816,0.014487497294400003,1.22,0,6194000000.0,-0.25980000000000003,-0.1294,0.1204426433500356,4.121667032652599,1.46,0.14
WIZS3,Wiz Solucoes e Corretagem de Seguros SA,Financial Services,0,0.2984,0.3248,1.0742,0.0,0,0,636000000.0,0.2235,0.16260000000000002,1.113147016703459,3.9773118124910103,1.06,0.51
