Symbol,Name,Sector,OM,FCFM,ROA,ROE,PScore,CR,D/E,Revenue,YEG,YRG,EPS,RPS,BPS,DPS
AAV,Advantage Oil & Gas Ltd,Energy,0.0046,-0.5246,0.018000000000000002,0.0227,0.0,1.55,0.19,198000000.0,0,-0.029300000000000003,0.15596428955577069,1.0648596321393997,7.03,0
ARE,Aecon Group Inc,Industrials,0.0248,0.0437,0.025699999999999997,0.0886,0.0024677431952,1.72,0.82,3373000000.0,-0.0493,0.0126,1.1208175374979397,55.59584638206692,13.26,0.52
AEM,Agnico Eagle Mines Ltd,Basic Materials,0.0874,-0.2609,0.0,0.0,0.0,2.97,0.38,2145000000.0,0.0,0.0334,-1.4325422279238829,9.17254650416934,26.09,0.46
AC,Air Canada Class B,Industrials,0.065,0.0276,0.0091,0.0451,0.00073627554,1.24,1.54,18065000000.0,-0.1801,0.0785,0.6201262532491645,67.08132194578538,14.9,0
ASR,Alacer Gold Corp,Basic Materials,0.3433,-0.8809999999999999,0.0116,0.020499999999999997,0.0,1.81,0.37,188000000.0,-0.313,-0.13,0.05104818949087939,0.639803974952355,3.42,0
AGI,Alamos Gold Inc,Basic Materials,-0.0347,-0.011699999999999999,-0.022099999999999998,-0.0275,0,3.04,0,651000000.0,0.0,0.18230000000000002,-0.18511376783648284,1.673736984188199,9.01,0.02
AD,Alaris Royalty Corp,Financial Services,0.8481000000000001,0.7825,0.0722,0.098,4.6956388017,4.74,0.36,100000000.0,0.0166,0.08810000000000001,1.6712328767123288,2.73972602739726,17.42,1.63
AQN,Algonquin Power & Utilities Corp,Utilities,0.2267,0.0388,0.0199,0.064,0.011202534656000001,0.99,1.11,1647000000.0,0.29760000000000003,0.2104,0.3771738465616017,3.3578666231727454,8.24,0.5
ATD.B,Alimentation Couche-Tard Inc Class B,Consumer Defensive,0.042800000000000005,0.032799999999999996,0.08560000000000001,0.23870000000000002,0.028684269644800007,0.82,0.69,59619000000.0,0.2151,0.0765,4.42137990946916,136.29692286589548,21.03,0.3
AP.UN,Allied Properties REIT,Real Estate,0.5188,0.5426,0.0862,0.1364,3.3097972667583995,0.35,0.46,436000000.0,0.1776,0.061,4.949587534372136,3.996333638863428,40.2,1.56
ALA,AltaGas Ltd,Energy,-0.10830000000000001,-0.2601,-0.029900000000000003,-0.1115,0,0.98,1.42,4256000000.0,0.0,0.15710000000000002,-1.576772509786864,15.426997245179063,20.72,2.09
AIF,Altus Group Ltd,Real Estate,0.0222,0.0727,-0.026600000000000002,-0.048,0.0,1.67,0.36,510000000.0,0.0,0.0944,-0.45420136260408783,12.86903860711582,9.17,0.6
APHA,Aphria Inc,Healthcare,-0.5277000000000001,-2.2233,-0.0256,-0.0308,0,1.74,0.03,121000000.0,0,0,-0.1476574347513768,0.4828797190517998,6.72,0
ARX,ARC Resources Ltd,Energy,0.1575,0.1213,0.0349,0.0582,0.038805186105,1.97,0.23,1505000000.0,-0.023399999999999997,-0.0151,0.6046905905623058,4.2526137326928515,10.4,0.6
AX.UN,Artis REIT,Real Estate,0.5652,0.3054,0.025,0.058899999999999994,0.25417128780000003,0.63,0.95,513000000.0,-0.0366,-0.0143,1.0976872626855367,3.541594753192958,16.3,0.99
ACO.X,Atco Ltd Class I,Utilities,0.24530000000000002,-0.0265,0.0152,0.09519999999999999,0.0,1.14,2.71,4712000000.0,-0.0473,0.0232,3.4615765008406685,46.60270991988923,32.81,1.53
ATA,ATS Automation Tooling Systems Inc,Industrials,0.09140000000000001,0.0709,0.0433,0.08810000000000001,0.02472044222980001,2.02,0.42,1203000000.0,-0.049699999999999994,0.06,0.7292913900076194,13.0945901817786,8.74,0
ACB,Aurora Cannabis Inc,Healthcare,-1.9708,-3.6856999999999998,-0.0255,-0.0296,0,3.31,0.08,119000000.0,0,0,-0.07058823529411765,0.11666666666666667,4.23,0
BTO,B2Gold Corp,Basic Materials,0.22870000000000001,0.3072,0.0111,0.0183,0.0142712312832,1.75,0.28,1225000000.0,-0.1553,0.17620000000000002,0.029,1.225,2.16,0
BAD,Badger Daylighting Ltd,Industrials,0.1664,0.0647,0.12269999999999999,0.198,0.261557607168,2.76,0.28,615000000.0,0.1094,0.1365,1.89520624303233,17.140468227424748,10.21,0.52
BMO,Bank of Montreal,Financial Services,0,0.6371,0.0076,0.1422,0.0,0,0.16,23764000000.0,0.054299999999999994,0.056600000000000004,9.377398386717832,37.22139556738977,67.37,3.85
BNS,Bank of Nova Scotia,Financial Services,0,-0.1005,0.0084,0.1398,0.0,0,0.12,28713000000.0,0.058899999999999994,0.060700000000000004,6.833333333333333,23.34390243902439,51.0,3.34
ABX,Barrick Gold Corp,Basic Materials,0.1898,0.0504,-0.0645,-0.18309999999999998,0.0,2.38,0.75,7243000000.0,0.0,-0.1036,-0.8828571428571429,4.138857142857143,5.84,0.19
BHC,Bausch Health Companies Inc,Healthcare,0.0594,0.15109999999999998,-0.1185,-0.9667,0.0,1.1,8.81,8380000000.0,0.0,-0.0708,-11.85854369764716,23.95723148174619,10.48,0
BTE,Baytex Energy Corp,Energy,0.0288,-0.009000000000000001,-0.0605,-0.1309,0.0,0.73,0.69,1429000000.0,0.0,0.0088,-0.5846690773022469,2.570744958353572,5.5,0
BCE,BCE Inc,Communication Services,0.2318,0.14300000000000002,0.05,0.17670000000000002,0.2928572790000001,0.56,1.21,23468000000.0,0.030299999999999997,0.028399999999999998,3.258898272082958,26.111240918143686,18.21,3.02
BIR,Birchcliff Energy Ltd,Energy,0.21899999999999997,0.034,0.0364,0.0579,0.01569289176,1.2,0.35,621000000.0,0.0,0.1444,0.38357400722021656,2.33528880866426,6.52,0.1
BB,BlackBerry Ltd,Technology,-0.0697,0.0564,0.0241,0.0362,0.0,2.54,0.25,904000000.0,0.0,-0.3323,0.16990646009938615,1.651563870213388,6.48,0
BEI.UN,Boardwalk REIT,Real Estate,0.4175,0.2285,0.0323,0.0633,0.19505133026250002,0.16,0.68,435000000.0,-0.1057,-0.03,4.176585154728413,9.413546851330882,61.47,1.0
BBD.B,Bombardier Inc,Industrials,0.0557,0.011200000000000002,0.009399999999999999,0.0,0.0,1.0,0,16236000000.0,-0.1628,-0.0369,0.11207729468599036,7.843478260869566,-3.35,0
BLX,Boralex Inc Class A,Utilities,0.1232,-0.16699999999999998,-0.0083,-0.0463,0.0,0.75,3.44,479000000.0,0.0,0.214,-0.4036326942482341,5.370557237358448,9.76,0.63
BYD.UN,Boyd Group Income Fund,Consumer Cyclical,0.0652,0.0825,0.0692,0.1536,0.05717403647999999,0.81,0.48,1865000000.0,0.0,0.16670000000000001,3.925515853044791,93.86009058882738,28.81,0.53
BAM.A,Brookfield Asset Management Inc Class A,Financial Services,0.1436,0.056299999999999996,0.0148,0.13390000000000002,0.0160215720496,1.53,4.61,56771000000.0,0.1107,0.222,3.7497384390039756,59.39631722117598,36.13,0.6
BBU.UN,Brookfield Business Partners LP,Industrials,0.044199999999999996,0.024399999999999998,0.0034000000000000002,0.0472,0.0001730744704,1.08,5.84,37168000000.0,-0.2914,0.5006,0.5724009900990099,287.5,31.49,0.19
BIP.UN,Brookfield Infrastructure Partners LP,Utilities,0.30519999999999997,0.1124,0.0058,0.0347,0.0069041196448,0.94,2.58,4652000000.0,0.0,0.2057,1.1768072396895233,16.639839753907786,26.56,1.88
BPY.UN,Brookfield Property Partners LP,Real Estate,0.3849,-2.0069,0.0083,0.050300000000000004,0.0,0.69,4.92,7239000000.0,-0.41240000000000004,0.1105,1.8505958724929754,17.534638116461583,40.19,1.26
BEP.UN,Brookfield Renewable Partners LP,Utilities,0.35109999999999997,0.29109999999999997,0.0007000000000000001,0.005,0.000357718235,1.16,1.97,2982000000.0,-0.0212,0.1182,0.3466592116298574,16.673189823874754,39.09,1.96
DOO,BRP Inc,Consumer Cyclical,0.09140000000000001,0.0501,0.0806,0.0,0.0,0.89,0,5244000000.0,0.3053,0.1042,5.3361542078044195,123.27221438645981,-3.39,0.36
CAE,CAE Inc,Industrials,0.1241,0.081,0.049400000000000006,0.132,0.06554773368000001,1.1,0.49,3010000000.0,0.198,0.061,1.0979889069161983,11.357204844734559,8.64,0.38
CCO,Cameco Corp,Basic Materials,0.0347,0.2927,0.021099999999999997,0.0338,0.007243548174199999,2.38,0.2,2092000000.0,-0.12179999999999999,-0.0877,0.41940373926225366,5.285497726124305,12.62,0.08
GOOS,Canada Goose Holdings Inc,Consumer Cyclical,0.22510000000000002,0.013300000000000001,0.1698,0.4506,0.22906356170040007,3.91,0.94,666000000.0,0,0,1.7253044654939107,11.265223274695535,2.55,0
CAR.UN,Canadian Apartment Properties REIT,Real Estate,0.5906,0.33020000000000005,0.1216,0.2167,5.1388151736064005,0.1,0.62,689000000.0,0.3539,0.0762,7.643551929714465,4.323815500470662,39.72,1.31
CM,Canadian Imperial Bank of Commerce,Financial Services,0,0.7192000000000001,0.0084,0.1591,0.0,0,0.12,17826000000.0,0.0913,0.0697,11.532919030892552,40.137800594433934,75.09,5.38
CNR,Canadian National Railway Co,Industrials,0.4163,0.16670000000000001,0.10980000000000001,0.25239999999999996,1.9232409672792,0.78,0.65,14321000000.0,0.0695,0.0433,5.977817985939421,19.78011353434345,24.37,1.82
CNQ,Canadian Natural Resources Ltd,Energy,0.21760000000000002,0.25489999999999996,0.0356,0.0814,0.1607322889216,0.63,0.61,22282000000.0,0.0,0.044199999999999996,2.1591666666666667,18.56833333333333,26.66,1.34
CP,Canadian Pacific Railway Ltd,Industrials,0.3935,0.1609,0.0965,0.3075,1.8787682585624998,0.76,1.24,7421000000.0,0.13,0.0291,14.568731225861823,53.075382634816194,48.73,2.6
CTC.A,Canadian Tire Corp Ltd Class A,Consumer Cyclical,0.09029999999999999,0.018600000000000002,0.0421,0.1518,0.010733826272399999,1.76,0.92,14059000000.0,0.0163,0.0359,11.859468723221937,240.942587832048,70.2,3.6
CU,Canadian Utilities Ltd A non-voting,Utilities,0.2643,-0.0481,0.0279,0.12560000000000002,0.0,1.08,1.99,4181000000.0,0.0155,0.053,3.379261792215629,21.02484159710349,17.92,1.6
CWB,Canadian Western Bank,Financial Services,0,-1.8251,0.0089,0.11019999999999999,0.0,0,0.85,823000000.0,-0.0677,0.0732,3.072337498567007,9.434827467614353,27.39,1.02
CFP,Canfor Corp,Basic Materials,0.1206,0.026699999999999998,0.0968,0.18739999999999998,0.05841219320639999,2.63,0.2,5044000000.0,0.092,0.0872,2.827024436990896,40.28110525475164,16.42,0
WEED,Canopy Growth Corp,Healthcare,-2.8568000000000002,-6.1782,-0.08449999999999999,-0.1003,0,17.85,0.11,155000000.0,0,2.6647000000000003,-1.194281397105829,0.4503980937990353,21.07,0
CPX,Capital Power Corp,Utilities,0.20800000000000002,0.0681,0.0319,0.0762,0.034431512544,1.02,0.72,1394000000.0,0.09380000000000001,0.0001,2.68180483507879,13.643926788685524,30.19,1.73
CAS,Cascades Inc,Basic Materials,0.0521,0.0043,0.0126,0.0398,0.00011234656440000001,1.43,1.21,4649000000.0,0.0,0.0385,0.6306787814003206,49.69535008017103,16.09,0.16
CCL.B,CCL Industries Inc B- Non-Voting,Consumer Cyclical,0.1381,0.08130000000000001,0.0709,0.19329999999999997,0.15387296182409999,1.58,0.91,5162000000.0,0.16519999999999999,0.1931,2.8375258233078138,31.364685867055535,15.04,0.52
CLS,Celestica Inc,Technology,0.023,0.0038,0.0526,0.1274,0.0005856883760000001,1.81,0.49,6567000000.0,-0.0347,0.0273,1.5485355278293955,58.109901778603664,14.24,0
CVE,Cenovus Energy Inc,Energy,-0.025,0.0706,-0.050300000000000004,-0.1035,0.0,1.1,0.52,21881000000.0,0.0,0.024,-1.548780487804878,17.789430894308943,14.18,0.2
CG,Centerra Gold Inc,Basic Materials,0.0913,-0.0605,0.0384,0.051500000000000004,0.0,3.55,0.09,1129000000.0,-0.0737,0.0364,0.36928126923339943,3.860356971893592,9.9,0
CEU,CES Energy Solutions Corp,Energy,0.057699999999999994,-0.006,0.0388,0.07400000000000001,0.0,3.91,0.68,1271000000.0,0.0,0.1391,0.18046469659372882,4.778554778554778,2.62,0.05
GIB.A,CGI Inc Class A,Technology,0.149,0.1054,0.094,0.1732,0.25568345168,1.14,0.29,11654000000.0,0.053,0.026699999999999998,4.780811264377226,47.70169047521591,25.27,0
CSH.UN,Chartwell Retirement Residences,Real Estate,0.10279999999999999,0.0217,0.0058,0.0191,0.0002471235927999999,0.18,2.12,863000000.0,-0.6289,0.001,0.08921863260706236,4.052404207362885,4.42,0.58
CHE.UN,Chemtrade Logistics Income Fund,Basic Materials,-0.0017000000000000001,0.0953,-0.0449,-0.1215,0.0,0.81,1.17,1596000000.0,0.0,0.0535,-1.42548596112311,17.235421166306697,10.98,1.2
CHP.UN,Choice Properties REIT,Real Estate,0.6792,0.596,-0.06559999999999999,-0.4305,0.0,0.18,2.8,1256000000.0,0.0,0.1561,-3.150170037587256,4.496151780919993,9.12,0.74
CHR,Chorus Aviation Inc,Industrials,0.1493,-0.059699999999999996,0.030899999999999997,0.1893,0.0,0.69,3.02,1451000000.0,0.016,-0.0279,0.42959733264939726,9.303667607078738,3.07,0.48
CIX,CI Financial Corp,Financial Services,0.40020000000000006,0.2648,0.13970000000000002,0.3542,5.243726453750401,1.03,1.05,2236000000.0,0.0371,0.0383,2.5548654244306417,9.25879917184265,5.92,1.18
CGX,Cineplex Inc,Consumer Cyclical,0.0739,0.0576,0.0415,0.1108,0.019572882047999996,0.56,0.87,1615000000.0,-0.1699,0.056100000000000004,1.2158534659718934,25.501342175903996,10.72,1.72
CCA,Cogeco Communications Inc,Communication Services,0.22699999999999998,0.09720000000000001,0.0385,0.13970000000000002,0.11867227218000001,2.41,1.82,2570000000.0,0.1043,0.058499999999999996,8.182626741772902,76.19329973317521,42.03,2.0
CIGI,Colliers International Group Inc,Real Estate,0.0768,0.0659,0.045,0.0,0.0,1.03,0,2908000000.0,0.0,0.0381,2.471083070452156,76.44584647739222,0,0.1
CUF.UN,Cominar REIT,Real Estate,0.4753,0.249,-0.029500000000000002,-0.0705,0.0,0.79,1.28,735000000.0,0.0,-0.0617,-1.1648991702840816,4.038683444145283,15.47,0.79
CMG,Computer Modelling Group Ltd,Technology,0.3875,0.33990000000000004,0.29309999999999997,0.4201,16.217778754237496,2.82,0,73000000.0,-0.1394,-0.0417,0.2742116415305995,0.9098840832606258,0.61,0.3
CSU,Constellation Software Inc,Technology,0.1562,0.20809999999999998,0.1452,0.516,2.4353950991040003,0.9,0.37,3060000000.0,0.28859999999999997,0.18510000000000001,17.885795186408682,144.40773949976403,55.03,2.0
BCB,Cott Corp,Consumer Defensive,0.0352,0.0011,0.1054,0.3736,0.0015246944768,1.13,1.07,2373000000.0,0.8643000000000001,-0.0694,2.809443259542546,17.452379201294402,11.59,0.24
CPG,Crescent Point Energy Corp,Energy,-0.9556,-0.021,-0.1821,-0.3318,0,0.85,0.64,3321000000.0,0.0,0.0287,-4.763985218356908,6.045546392878598,12.01,0.36
CRR.UN,Crombie REIT,Real Estate,0.43060000000000004,-0.16440000000000002,-0.0066,-0.018600000000000002,0.0,0.07,1.59,415000000.0,0.1779,0.0388,1.193796719848265,4.6301461564208415,9.52,0.89
DSG,The Descartes Systems Group Inc,Technology,0.16440000000000002,0.2647,0.0489,0.060599999999999994,0.12895471851119997,1.03,0.05,275000000.0,0.1501,0.12710000000000002,0.40176257128045617,3.5640228097459823,9.31,0
DGC,Detour Gold Corp,Basic Materials,0.1325,0.0375,-0.0004,-0.0005,0.0,3.92,0.13,776000000.0,0,0.11289999999999999,-0.005683432793407218,4.410343847684001,15.06,0
DOL,Dollarama Inc,Consumer Defensive,0.23,0.11130000000000001,0.2639,0.0,0.0,1.1,0,3427000000.0,0.1864,0.11900000000000001,1.715865399891964,10.889390232277334,-0.68,0.16
DII.B,Dorel Industries Inc Class B,Consumer Cyclical,0.0356,0.0213,-0.2242,-0.5311,0.0,1.06,0.01,2620000000.0,0.0,-0.008,-15.716814159292035,92.7433628318584,24.12,1.2
DRG.UN,Dream Global REIT,Real Estate,0.5829,0.44780000000000003,0.11449999999999999,0.23129999999999998,6.912883914686999,0.42,0.79,354000000.0,0.5852,0.09939999999999999,2.984688599213739,1.8311607697082557,14.83,0.73
D.UN,Dream Office REIT A,Real Estate,0.4667,0.0999,0.049,0.09759999999999999,0.222971413392,0.21,0.88,285000000.0,-0.1873,-0.2554,2.676151761517615,4.8272357723577235,25.21,0.92
ECN,ECN Capital Corp,Financial Services,0,-1.2971000000000001,-0.0733,-0.1444,0,0,0,168000000.0,0.0,-0.0024,-0.662139935051242,0.7085319050229851,5.49,0.03
ELD,Eldorado Gold Corp,Basic Materials,-0.0564,-0.4526,-0.0745,-0.1045,0,3.63,0.18,459000000.0,0.0,-0.18989999999999999,-2.286941689304441,2.8997409817423714,27.84,0
EFN,Element Fleet Management Corp,Financial Services,0.0,-0.2545,-0.013300000000000001,-0.0766,0,0,4.3,1242000000.0,0.0,0.16940000000000002,-0.4583774819182752,2.8608283042336575,7.61,0.27
EMA,Emera Inc,Utilities,0.2143,-0.0723,0.0232,0.1036,0.0,0.62,1.95,6524000000.0,0.2039,0.2395,3.1630273478906084,27.661649353402588,31.24,2.28
EMP.A,Empire Co Ltd A,Consumer Defensive,0.0179,0.0215,0.0374,0.08929999999999999,0.0012853297269999997,0.99,0.52,24808000000.0,-0.2753,0.004,1.937939785442381,143.0845541584958,14.22,0.33
ENB,Enbridge Inc,Energy,0.1496,0.068,0.015300000000000001,0.0449,0.006988408416000002,0.57,0.98,46378000000.0,0.3558,0.071,1.4267326732673267,22.95940594059406,30.51,2.68
ECA,Encana Corp,Energy,0.2852,0.0547,0.0698,0.1508,0.16420773536959998,1.33,0.52,5939000000.0,0.0,0.0028000000000000004,0.7174496644295302,3.9859060402684565,6.73,0.06
EDV,Endeavour Mining Corp,Basic Materials,0.1274,-0.20120000000000002,-0.0801,-0.1572,0.0,1.32,0.72,752000000.0,0,0.07730000000000001,-1.3209437915641797,6.850687801767331,10.62,0
EFX,Enerflex Ltd,Energy,0.0851,0.0649,0.0438,0.0837,0.020247612719399996,1.68,0.35,1703000000.0,0.1257,0.015,1.1310190369540873,19.070548712206048,14.38,0.39
ERF,Enerplus Corp,Energy,0.2878,0.0719,0.1313,0.2101,0.5708348225866,1.78,0.32,1611000000.0,0.0,0.0356,1.5860361683380186,6.759535098392985,8.38,0.12
ENGH,Enghouse Systems Ltd,Technology,0.223,0.2834,0.132,0.1945,1.6225505868000003,2.1,0,344000000.0,0.1885,0.0707,1.2076852698993596,6.294602012808783,6.69,0.35
ESI,Ensign Energy Services Inc,Energy,-0.1398,0.0623,0.0171,0.0344,0.0,0.77,0.79,1156000000.0,-0.1456,-0.11230000000000001,0.37560478736949326,7.359307359307359,10.96,0.48
EIF,Exchange Income Corp,Industrials,0.11599999999999999,-0.022099999999999998,0.0382,0.1185,0.0,2.26,1.59,1203000000.0,0.2071,0.0316,2.2468354430379747,38.06962025316456,19.7,2.17
EXE,Extendicare Inc,Healthcare,0.0501,-0.01,0.0347,0.249,0.0,0.69,3.61,1120000000.0,-0.48479999999999995,-0.1117,0.3611330549599368,12.639656923597789,1.42,0.48
FFH,Fairfax Financial Holdings Ltd,Financial Services,0,-0.1309,0.0052,0.0273,0.0,0,0.55,16507000000.0,-0.1283,0.2164,14.098237720284965,618.9351331083615,572.89,10.0
FTT,Finning International Inc,Industrials,0.063,0.0084,0.043,0.1139,0.0025918628399999996,1.97,0.65,6996000000.0,-0.071,0.006999999999999999,1.4193074758350668,42.799461641991925,12.83,0.79
FCR,First Capital Realty Inc,Real Estate,0.568,0.022799999999999997,0.0337,0.07139999999999999,0.031160993471999993,0.68,0.8,730000000.0,0.0984,0.029300000000000003,1.3492312519610918,2.8631942265453403,22.75,0.43
FR,First Majestic Silver Corp,Basic Materials,-0.1437,-0.2531,-0.2391,-0.3469,0,2.86,0.25,308000000.0,0.0,0.0215,-1.0229666031491325,1.5444789890682982,4.07,0
FM,First Quantum Minerals Ltd,Basic Materials,0.2189,-0.041100000000000005,0.0195,0.0478,0.0,1.99,0.74,3966000000.0,-0.0078000000000000005,0.0222,0.6435701360107408,5.78775319596054,18.68,0.01
FSV,FirstService Corp,Real Estate,0.0673,0.0381,0.061,0.0,0.0,1.71,0,1991000000.0,0.0,-0.0379,1.7862287525208873,57.36099106885624,0,0.56
FTS,Fortis Inc,Utilities,0.28190000000000004,-0.0732,0.0218,0.07780000000000001,0.0,0.77,1.58,8390000000.0,0.13140000000000002,0.0764,2.706655214837856,19.475846700248383,34.61,1.73
FVI,Fortuna Silver Mines Inc,Basic Materials,0.2587,-0.0548,0.0455,0.0583,0.0,3.57,0.12,263000000.0,0.0,0.1389,0.21257971739402276,1.6443666374890584,5.07,0
FNV,Franco-Nevada Corp,Basic Materials,0.4052,-0.7881,0.0286,0.0298,0.0,7.14,0.04,653000000.0,0.6405,0.1026,0.7429976480649989,3.4904853538593117,33.34,0.95
FRU,Freehold Royalties Ltd,Energy,0.1575,0.8891,0.0152,0.0175,0.03724884450000001,1.05,0.12,145000000.0,-0.24670000000000003,-0.0437,0.11824324324324324,1.224662162162162,6.54,0.52
MIC,Genworth MI Canada Inc,Financial Services,0,0.43700000000000006,0.0654,0.11359999999999999,0.0,0,0.11,866000000.0,0.038,0.0189,5.159817351598173,9.885844748858448,45.56,1.92
WN,George Weston Ltd,Consumer Defensive,0.053200000000000004,0.0232,0.0129,0.0741,0.0011797976736,1.23,1.93,48568000000.0,-0.013999999999999999,0.0118,3.7455138662316476,316.92006525285484,47.1,1.95
GEI,Gibson Energy Inc,Energy,0.0352,0.049,0.052300000000000006,0.18100000000000002,0.016327474240000004,1.17,1.49,6847000000.0,0.0,-0.0027,1.0395153517830098,47.13616962687595,5.25,1.32
GIL,Gildan Activewear Inc,Consumer Cyclical,0.15039999999999998,0.1421,0.11720000000000001,0.1759,0.4405907400832,3.99,0.35,2909000000.0,0.0175,0.055999999999999994,1.7023134002618943,14.108346670546583,12.6,0.45
G,Assicurazioni Generali,Basic Materials,0,0.2155,0.0044,0.0949,0.0,0,1.16,67925000000.0,0.0381,-0.075,2.655640792666797,78.12230439233096,15.08,0.85
GTE,Gran Tierra Energy Inc,Energy,0.3283,-0.1887,0.0661,0.10439999999999999,0.0,1.2,0.39,613000000.0,-0.0407,-0.0317,0.26319151654529194,1.5663728120608151,3.59,0
GRT.UN,Granite REIT Shs of Granite Real Estate Inc + 1 TU,Real Estate,0.7548999999999999,-1.7104,0.1258,0.20079999999999998,0.0,8.38,0.48,247000000.0,0.2625,0.04019999999999999,10.179509632224168,5.407180385288966,54.63,2.73
GC,Great Canadian Gaming Corp,Consumer Cyclical,0.30670000000000003,0.18420000000000003,0.109,0.3237,1.9932996898620003,1.9,1.35,1221000000.0,0.191,0.2455,2.5632320488881346,20.726531997962994,8.07,0
GWO,Great-West Lifeco Inc,Financial Services,0,0.1475,0.006999999999999999,0.142,0.0,0,0.27,44032000000.0,0.0232,0.0919,3.3338720974085447,47.44571951942245,23.48,1.56
GUY,Guyana Goldfields Inc,Basic Materials,0.113,-0.0078000000000000005,0.0113,0.013999999999999999,0.0,3.19,0.05,188000000.0,-0.3557,0,0.028813461649282546,1.0833861580130237,2.99,0
HR.UN,H&R REIT,Real Estate,0.6083,0.3436,0.0231,0.047,0.22692419811599998,1.35,0.91,1177000000.0,-0.0022,-0.0033,1.1821488528259654,4.116536094012311,25.2,1.38
HCG,Home Capital Group Inc,Financial Services,0,-0.7439,0.0074,0.0768,0.0,0,1.9,418000000.0,-0.22719999999999999,-0.106,2.1792561035556286,6.849090611174832,26.43,0
HBM,Hudbay Minerals Inc,Basic Materials,0.2064,0.18309999999999998,0.0183,0.0395,0.027317831544000002,2.36,0.47,1472000000.0,0.0,0.1845,0.325333945726643,5.634018448348453,11.23,0.02
HBC,Hudson's Bay Co,Consumer Cyclical,-0.056799999999999996,-0.1003,-0.0493,-0.34340000000000004,0,1.18,2.08,9376000000.0,0.0,-0.0565,-2.9470936871295743,50.98145832200533,7.44,0.05
HSE,Husky Energy Inc,Energy,0.0676,0.0123,0.0425,0.083,0.0029330457000000007,1.17,0.25,21970000000.0,-0.044500000000000005,-0.013500000000000002,1.5217821782178218,21.752475247524753,18.64,0.45
H,Hydro One Ltd,Utilities,0.21280000000000002,0.006,-0.0034999999999999996,-0.009399999999999999,0.0,0.49,1.14,6150000000.0,0.0,-0.0202,-0.11912551802822101,10.318618815120551,15.36,0.91
IMG,Iamgold Corp,Basic Materials,0.038599999999999995,-0.1304,-0.0070999999999999995,-0.0102,0.0,4.78,0.15,1111000000.0,0.0,-0.0064,-0.05983289527106438,2.3740838087911618,7.86,0
IGM,IGM Financial Inc,Financial Services,0,0.38780000000000003,0.0478,0.16820000000000002,0.0,0,2.07,1880000000.0,-0.0019,0.0216,3.219649821591569,7.800182557464111,18.47,2.25
IMO,Imperial Oil Ltd,Energy,0.0902,0.0695,0.0557,0.0946,0.033032213258,1.35,0.2,34964000000.0,-0.0393,0.013300000000000001,2.9950815428423505,45.254983173699195,31.7,0.73
IAG,iA Financial Corp,Financial Services,0,0.0216,0.0098,0.1232,0.0,0,0.17,9939000000.0,0.10460000000000001,0.0645,5.96596222180662,92.93996633626332,47.83,1.59
INE,Innergex Renewable Energy Inc,Utilities,0.3699,0.0409,0.005,0.0666,0.005037927030000001,0.36,8.55,577000000.0,-0.0746,0.23800000000000002,0.24720952880365568,4.322421155142707,3.75,0.68
IFC,Intact Financial Corp,Financial Services,0,0.0676,0.025099999999999997,0.105,0.0,0,0.33,10599000000.0,0.0005,0.0753,5.079387887060852,76.14771176090237,48.73,2.8
IPL,Inter Pipeline Ltd,Energy,0.3765,0.0516,0.054299999999999994,0.1595,0.16825779728999996,0.18,1.11,2593000000.0,0.0,0.1373,1.4527548445576814,6.35243391557853,9.82,1.69
IFP,Interfor Corp,Basic Materials,0.0786,0.068,0.0775,0.1222,0.05061792840000001,3.12,0.28,2187000000.0,0.0,0.0902,1.6654275092936803,32.520446096654275,14.48,0
ITP,Intertape Polymer Group Inc,Consumer Cyclical,0.0801,0.0128,0.054299999999999994,0.18780000000000002,0.010455333811200002,2.06,1.94,1053000000.0,-0.0704,0.061500000000000006,0.8010908471109596,17.947843872507242,5.73,0.56
IIP.UN,InterRent REIT,Real Estate,0.5613,0.3152,0.0891,0.1711,2.6971740004176,0.32,0.71,127000000.0,0.4094,0.1533,1.5792442188381275,1.1938334273359654,10.97,0.27
IVN,Ivanhoe Mines Ltd A,Basic Materials,0,0,0.12990000000000002,0.1251,0.0,25.97,0.02,0,0,0,0.17941176470588235,0.0,2.46,0
KEL,Kelt Exploration Ltd,Energy,0.0766,-0.2805,0.006,0.009399999999999999,0.0,0.68,0.28,389000000.0,0,0.2948,0.04347589804901907,2.1140155426335525,4.86,0
KEY,Keyera Corp,Energy,0.1475,-0.0858,0.0623,0.1514,0.0,1.0,0.8,4465000000.0,0.2184,0.0638,1.8602455146364494,21.08120868744098,12.97,1.73
KMP.UN,Killam Apartment REIT,Real Estate,0.5587,0.1941,0.0682,0.16399999999999998,1.2129207602159995,0.05,0.91,216000000.0,0.34509999999999996,0.0849,1.9152894823246143,2.364014446754952,12.83,0.64
KXS,Kinaxis Inc,Technology,0.1383,0.1035,0.0565,0.0931,0.0752940501075,2.45,0.03,151000000.0,0,0.182,0.5359877488514548,5.781010719754977,9.54,0
KML,Kinder Morgan Canada Ltd Registered Shs Restricted Vtg,Energy,0.30010000000000003,-0.9439,0.1316,0.6394,0.0,0.76,0,397000000.0,0.0,-0.1593,39.91416309012875,11.359084406294707,3.02,1.63
K,Kinross Gold Corp,Basic Materials,0.053399999999999996,-0.0793,-0.0029,-0.0052,0.0,2.61,0.39,3212000000.0,0.0,-0.032,-0.0192,2.5696,4.85,0
KL,Kirkland Lake Gold Ltd,Basic Materials,0.4226,0.2925,0.1714,0.2263,4.794581824109999,2.07,0.01,916000000.0,0.0,0.0,1.3044513211140205,4.360866460366579,8.11,0.09
GUD,Knight Therapeutics Inc,Healthcare,-0.46259999999999996,-0.7689,0.023399999999999997,0.023799999999999998,0.0,41.75,0,13000000.0,-0.1101,0,0.16799664006719867,0.09099818003639927,7.21,0
LIF,Labrador Iron Ore Royalty Corp,Basic Materials,0.7356,1.1420000000000001,0.1697,0.2207,31.462410994008003,2.49,0,130000000.0,-0.028999999999999998,-0.013000000000000001,2.0,2.03125,9.23,1.0
LB,Laurentian Bank of Canada,Financial Services,0,-0.38079999999999997,0.0042,0.08689999999999999,0.0,0,3.39,1019000000.0,0.125,0.0441,4.858971320218061,24.152642806352215,53.72,2.56
LNR,Linamar Corp,Consumer Cyclical,0.1079,0.0387,0.0873,0.1845,0.06725785675049999,1.95,0.69,7463000000.0,0.1967,0.1523,9.211935730680949,114.20045906656466,54.42,0.48
L,Loblaw Companies Ltd,Consumer Defensive,0.0412,0.025,0.0235,0.061500000000000006,0.0014886075000000003,1.33,0.54,46693000000.0,0.039900000000000005,0.009399999999999999,2.0752058951018637,126.49815778066754,32.0,1.16
LUC,Lucara Diamond Corp,Basic Materials,0.1784,-0.08810000000000001,0.0316,0.0467,0.0,2.38,0,176000000.0,-0.46909999999999996,-0.0767,0.03024727144405515,0.4436266478461422,0.82,0.08
LUN,Lundin Mining Corp,Basic Materials,0.1754,-0.24969999999999998,0.0269,0.0449,0.0,3.03,0.01,1671000000.0,0.0,0.0046,0.2254056622988662,2.2689931427795504,6.8,0.09
MAG,MAG Silver Corp,Basic Materials,0,0,-0.0264,-0.026699999999999998,0,83.74,0,0,0,0,-0.0701426233341127,0.0,3.37,0
MG,Magna International Inc Class A,Consumer Cyclical,0.0693,0.0507,0.0894,0.2094,0.0657741720636,1.15,0.29,40827000000.0,0.044800000000000006,0.0323,7.106598984771574,126.36808220874087,44.6,1.32
MFC,Manulife Financial Corp,Financial Services,0,0.4924,0.0063,0.11599999999999999,0.0,0,0.32,38972000000.0,0.0843,0.042199999999999994,2.2252380952380952,18.558095238095238,21.5,0.91
MFI,Maple Leaf Foods Inc,Consumer Defensive,0.0602,0.0857,0.0352,0.0499,0.009061926227200002,1.51,0.15,3496000000.0,-0.2722,-0.0453,0.8181449979748886,28.319157553665452,16.26,0.52
MRE,Martinrea International Inc,Consumer Cyclical,0.07769999999999999,-0.0072,0.0682,0.17620000000000002,0.0,1.35,0.63,3663000000.0,0.20199999999999999,-0.0179,2.2461055428088397,44.23378818983215,13.93,0.17
MAXR,Maxar Technologies Inc,Technology,-0.0444,-0.0369,-0.2168,-0.9516,0,0.75,4.71,2141000000.0,0.0,0.0462,-21.3657876943881,36.18999323867478,14.53,1.13
MEG,MEG Energy Corp,Energy,0.0368,-0.1235,-0.0134,-0.0304,0.0,1.62,0.96,2771000000.0,0.0,0.1249,-0.4008893680097022,9.334995283654495,13.09,0
MX,Methanex Corp,Basic Materials,0.1765,0.1814,0.09,0.2837,0.8174926142999999,1.08,1.08,3703000000.0,0.1157,0.053899999999999997,5.700558369042981,48.084664329307884,26.01,1.32
MRU,Metro Inc,Consumer Defensive,0.0596,0.018500000000000003,0.0658,0.1265,0.009177711620000003,1.42,0.46,16051000000.0,0.19210000000000002,0.0475,2.4849338655396416,62.81208421382171,22.68,0.74
MSI,Morneau Shepell Inc,Industrials,0.0848,0.0393,0.0202,0.0451,0.0030361016928,1.49,0.75,722000000.0,0.09910000000000001,0.08380000000000001,0.34150884818379384,11.207699472213598,9.44,0.78
MTY,MTY Food Group Inc,Consumer Cyclical,0.26489999999999997,0.26239999999999997,0.0635,0.1394,0.6152934445439998,0.5,0.45,385000000.0,0.3084,0.2837,2.7413587604290823,15.295987286452126,24.48,0.61
MTL,Mullen Group Ltd,Energy,0.0799,0.0282,-0.0196,-0.036000000000000004,0.0,1.82,0.53,1288000000.0,0.0,-0.0258,-0.32433463703138415,12.286559191071259,8.53,0.55
NA,National Bank of Canada,Financial Services,0,0.40380000000000005,0.0079,0.1815,0.0,0,0.15,7130000000.0,0.07719999999999999,0.068,6.420459626218367,21.2524963486244,34.85,2.49
NFI,NFI Group Inc,Consumer Cyclical,0.09759999999999999,0.041299999999999996,0.079,0.20440000000000003,0.06508903788800001,1.93,0.83,2519000000.0,0.4299,0.16,2.622950819672131,41.295081967213115,17.6,1.1
NGD,New Gold Inc,Basic Materials,0.0437,0.0931,-0.3953,-0.7946,0.0,2.35,0.84,624000000.0,0,-0.0535,-2.087722327749957,1.077534104645139,2.16,0
NXE,NexGen Energy Ltd,Basic Materials,0,0,0.006999999999999999,0.0151,0.0,19.29,0.83,0,0,0,0.005684402000909504,0.0,0.47,0
OSB,Norbord Inc,Basic Materials,0.24170000000000003,0.1638,0.1834,0.4028,2.9246866386192,1.4,0.67,2424000000.0,0.0,0.12539999999999998,4.542671727684584,29.680421207297663,13.57,4.85
NPI,Northland Power Inc,Utilities,0.45039999999999997,0.4738,0.0259,0.3564,1.9698397532351999,1.35,8.69,1556000000.0,0.1297,0.2279,1.5512527202723063,8.682551196919814,4.47,1.2
NVU.UN,Northview Apartment REIT,Real Estate,0.5229,0.047,0.0747,0.1961,0.360010108521,0.07,1.04,364000000.0,0.2718,0.15810000000000002,5.130927105449398,6.440198159943383,25.32,1.63
NG,Novagold Resources Inc,Basic Materials,0,0,-0.34149999999999997,-0.51,0,96.34,0.63,0,0,0.0,-0.3412864346328865,0.0,0.64,0
NTR,Nutrien Ltd,Basic Materials,0.1134,0.0329,0.1143,0.2183,0.0930912621534,1.4,0.31,19636000000.0,0.1489,0.2187,5.98011648925487,32.86469839994644,55.04,1.63
NVA,NuVista Energy Ltd,Energy,0.3017,-1.2758,0.0809,0.1201,0.0,0.91,0.34,556000000.0,0.0,0.2109,0.6035592242488794,2.4674921226645363,6.23,0
OGC,OceanaGold Corp,Basic Materials,0.2114,0.15560000000000002,0.059800000000000006,0.0796,0.15657730990720004,1.38,0.11,785000000.0,0.0,0.0613,0.19605322362923444,1.2614900044995823,3.41,0.03
ONEX,Onex Corp,Financial Services,0.034300000000000004,0.0292,-0.0147,-0.2433,0.0,1.31,8.51,23785000000.0,0,-0.0308,-6.6439522998296425,238.35053612586432,34.54,0.25
OTEX,Open Text Corp,Technology,0.19949999999999998,0.26530000000000004,0.0338,0.0705,0.12612058231499998,1.33,0.68,2843000000.0,0.0111,0.14980000000000002,0.9762848806762925,10.634398144684672,18.96,0.59
OR,Osisko Gold Royalties Ltd,Basic Materials,0.0891,-0.1202,-0.0444,-0.0576,0.0,8.59,0.2,490000000.0,0,0,-0.6832538352455846,3.1584375402861933,11.43,0.2
PAAS,Pan American Silver Corp,Basic Materials,0.0726,0.004,0.0052,0.0068000000000000005,1.0268543999999999e-05,3.64,0,784000000.0,0.0,-0.009899999999999999,0.04774637127578304,3.7433155080213902,9.69,0.14
POU,Paramount Resources Ltd A,Energy,-0.1033,-0.3696,-0.0797,-0.1564,0,0.82,0.36,965000000.0,0,0.33149999999999996,-2.80366692131398,7.372039724980901,17.27,0
PXT,Parex Resources Inc,Energy,0.5277000000000001,0.2373,0.2829,0.3728,13.206680869435203,1.55,0,966000000.0,0,0.08689999999999999,2.6757851404289226,6.413916738596375,11.47,0
PKI,Parkland Fuel Corp,Energy,0.04190000000000001,0.012199999999999999,0.037200000000000004,0.11960000000000001,0.0022743011616000006,1.06,1.25,14442000000.0,0.1751,0.2059,1.4104758644299897,98.88394385484423,13.47,1.17
PSI,Pason Systems Inc,Energy,0.37439999999999996,0.27190000000000003,0.1464,0.1716,2.5574279537664,5.82,0,306000000.0,0.0,-0.053399999999999996,0.7343513229980184,3.5668492831332324,4.5,0.7
PPL,Pembina Pipeline Corp,Energy,0.21600000000000003,0.1401,0.044199999999999996,0.099,0.13241870928000002,0.68,0.59,7351000000.0,0.2949,0.0791,2.507357268981754,14.422209142632921,23.39,2.24
PEY,Peyto Exploration & Development Corp,Energy,0.1479,0.5061,0.034300000000000004,0.0759,0.19486794588030004,0.55,0.62,502000000.0,-0.0209,-0.062400000000000004,0.7824346454782556,3.0448231940316615,10.19,0.72
POW,Power Corporation of Canada,Financial Services,0,0.1479,0.0029,0.0926,0.0,0,0.7,48098000000.0,-0.1002,0.07919999999999999,3.557763843128919,127.7978531193538,38.08,1.5
PWF,Power Financial Corp,Financial Services,0,0.1516,0.0051,0.1232,0.0,0,0.43,47025000000.0,-0.0091,0.08800000000000001,3.5883150127992773,70.81011895798825,28.23,1.73
PSK,PrairieSky Royalty Ltd,Energy,0.39909999999999995,0.6829000000000001,0.029900000000000003,0.0329,0.2681056255969,0.89,0,279000000.0,0,0,0.3676313427093575,1.192664472278032,10.9,0.78
PD,Precision Drilling Corp,Energy,0.0178,0.0815,0.0,0.0,0.0,1.85,1.1,1574000000.0,0.0,-0.0536,-0.8543808291919123,5.357750697801076,5.3,0
PBH,Premium Brands Holdings Corp,Consumer Defensive,0.061900000000000004,0.021400000000000002,0.0501,0.1483,0.0098419986078,1.71,1.32,3026000000.0,0.5051,0.2305,2.901984009475866,89.60615931299971,24.45,1.9
PVG,Pretium Resources Inc,Basic Materials,0.2954,0.3616,0.0223,0.0418,0.09956806280959998,0.65,0.6,455000000.0,0,0,0.20085771673633354,2.4700070571630204,6.6,0
QBR.B,Quebecor Inc Class B,Communication Services,0.242,0.1524,0.0418,0.6734,1.038125184096,0.8,13.33,4181000000.0,0.0,-0.0045000000000000005,2.2499580231712093,23.40068282308166,1.9,0.19
QSR,Restaurant Brands International Inc,Consumer Cyclical,0.3616,0.2014,0.0296,0.319,0.6876544885760001,1.07,7.48,5357000000.0,0.1772,0.0975,2.432819208141199,21.29511846080458,8.62,1.8
RCH,Richelieu Hardware Ltd,Consumer Cyclical,0.08929999999999999,0.028300000000000002,0.1164,0.1424,0.0418890840384,4.24,0,1009000000.0,0.0489,0.1024,1.1369599440265874,17.64911666958195,8.33,0.24
REI.UN,Riocan REIT,Real Estate,0.5689,0.30010000000000003,0.037200000000000004,0.0672,0.4267899086976001,0.58,0.68,1148000000.0,-0.0572,0.004699999999999999,1.7383288338710738,3.7795482978863504,25.13,1.44
RBA,Ritchie Bros Auctioneers Inc,Industrials,0.16010000000000002,0.0866,0.059699999999999996,0.1547,0.1280483152494,1.37,0.85,1170000000.0,-0.0374,0.2014,1.1137702503681886,10.769513991163477,10.27,0.7
RCI.B,Rogers Communications Inc Class B,Communication Services,0.24609999999999999,0.09630000000000001,0.064,0.2607,0.395420249664,0.67,1.77,15050000000.0,0.0429,0.0351,5.043712172158709,37.48536700789559,16.13,1.94
RY,Royal Bank of Canada,Financial Services,0,0.2757,0.009300000000000001,0.1747,0.0,0,0.12,43326000000.0,0.077,0.06559999999999999,8.728472222222223,30.0875,51.66,3.84
RUS,Russel Metals Inc Class A,Industrials,0.08039999999999999,0.011200000000000002,0.1127,0.2391,0.0242648473536,2.74,0.44,4165000000.0,0.0,0.054900000000000004,3.526002254065368,67.05844469489615,16.18,1.52
SSL,Sandstorm Gold Ltd,Basic Materials,0.2306,0.0075,0.009399999999999999,0.0095,0.00015444434999999996,5.36,0,73000000.0,0.0,0.040999999999999995,0.033551417547391375,0.40820891349326177,4.37,0
SAP,Saputo Inc,Consumer Defensive,0.0705,0.0455,0.0843,0.15109999999999998,0.040859453407499996,1.6,0.37,13009000000.0,0.1195,0.0269,1.9502819067145054,33.339313172731934,14.03,0.65
SES,Secure Energy Services Inc,Energy,0.0189,0.0032,0.0127,0.0232,1.7819827199999995e-05,1.86,0.5,2937000000.0,-0.1255,0.145,0.12461835628388061,18.30020562028787,5.3,0.27
SMF,Semafo Inc,Basic Materials,0.0316,-0.3061,-0.0079,-0.0113,0.0,1.6,0.11,297000000.0,0.0,-0.0038,-0.024553434411638327,0.9115462525320729,2.98,0
VII,Seven Generations Energy Ltd,Energy,0.3046,0.0092,0.0571,0.0946,0.015137179851199997,1.03,0.44,3314000000.0,0.0,0.7757,1.2435203807041895,9.387304195110897,13.75,0
SJR.B,Shaw Communications Inc Class B,Communication Services,0.1406,0.0375,0.030699999999999998,0.0753,0.012188490975,0.73,0.66,5336000000.0,-0.5877,-0.0154,0.9357225857745703,10.87802988604163,11.95,1.19
SCL,Shawcor Ltd Class A,Energy,0.0275,-0.032400000000000005,0.0152,0.0246,0.0,2.36,0.26,1409000000.0,-0.359,-0.0802,0.3707400541850848,20.091259090260944,15.18,0.6
SHOP,Shopify Inc A,Technology,-0.08560000000000001,-0.03,-0.0383,-0.0418,0,15.35,0,1073000000.0,0,0.7356999999999999,-0.6074766355140186,10.02803738317757,25.24,0
SIA,Sienna Senior Living Inc,Healthcare,0.0931,0.0689,0.0063,0.020499999999999997,0.0008284442985,0.25,1.59,642000000.0,0,0.10949999999999999,0.15121729925903524,9.708150612430064,8.59,0.91
SW,Sierra Wireless Inc,Technology,-0.006500000000000001,0.0329,-0.0358,-0.054000000000000006,0.0,1.7,0,794000000.0,0.0,0.09300000000000001,-0.6915629322268326,21.964038727524205,16.54,0
ZZZ,Sleep Country Canada Holdings Inc,Consumer Cyclical,0.139,0.06570000000000001,0.11,0.2091,0.21005203230000002,1.39,0.56,623000000.0,0,0,1.6159439806086722,16.77888499865338,8.2,0.72
SRU.UN,SmartCentres REIT,Real Estate,0.5982999999999999,0.4445,0.0355,0.08220000000000001,0.7760522077349999,0.18,0.85,790000000.0,0.0417,0.0572,2.355339942346903,5.554383744638965,24.91,1.76
SNC,SNC-Lavalin Group Inc,Industrials,0.0233,-0.0453,-0.0986,-0.2967,0.0,0.83,0.68,10084000000.0,0.0,0.017,-7.502136143548847,57.44232412418115,20.8,1.14
TOY,Spin Master Corp,Consumer Cyclical,0.1188,0.0677,0.1562,0.26649999999999996,0.33479838334799994,1.83,0,1632000000.0,0,0,4.985525892569958,52.49276294628498,8.76,0
SSRM,SSR Mining Inc,Basic Materials,0.0711,-0.019,0.0042,0.006500000000000001,0.0,8.81,0.25,421000000.0,0,0.0388,0.04950495049504951,3.4735973597359737,10.82,0
STN,Stantec Inc,Industrials,0.0611,0.009000000000000001,0.012,0.024900000000000002,0.00016431012000000004,1.9,0.46,4284000000.0,-0.3283,0.1388,0.42024320457796854,38.30472103004292,17.05,0.55
SJ,Stella-Jones Inc,Basic Materials,0.0971,0.0341,0.07150000000000001,0.1148,0.027178253102000005,6.7,0.39,2124000000.0,-0.009000000000000001,0.1085,1.9962389700564154,30.724721539129177,18.5,0.48
SLF,Sun Life Financial Inc,Financial Services,0,0.1389,0.009300000000000001,0.1215,0.0,0,0.31,26997000000.0,0.0461,0.1189,4.399670361089154,45.404396306698736,36.07,1.91
SU,Suncor Energy Inc,Energy,0.1732,0.13419999999999999,0.0368,0.0737,0.06303992823039999,0.84,0.32,38542000000.0,-0.0338,-0.0054,2.097452229299363,24.54904458598726,27.89,1.44
SPB,Superior Plus Corp,Utilities,0.0635,0.057699999999999994,-0.011399999999999999,-0.0365,0.0,1.12,1.67,2726000000.0,0.0,-0.063,-0.1944301481100246,15.588723051409618,6.23,0.72
TVE,Tamarack Valley Energy Ltd,Energy,0.1653,0.0334,0.031,0.0483,0.008266623246,0.99,0.2,399000000.0,0,0.4165,0.1678815992931301,1.7627567925778662,3.58,0
TECK.B,Teck Resources Ltd Class B,Basic Materials,0.2852,0.096,0.0745,0.13570000000000002,0.27679412928,2.95,0.28,12578000000.0,0.0,0.0601,5.34745914885976,22.585742503142395,41.09,0.2
T,TELUS Corp,Communication Services,0.18350000000000002,0.0839,0.051100000000000007,0.1732,0.13625950823800004,0.79,1.29,14095000000.0,0.0434,0.042800000000000005,2.6629828736913934,23.45921475292512,17.08,2.1
TFII,TFI International Inc,Industrials,0.0857,0.0611,0.0747,0.2115,0.0827280915435,1.09,1.37,5158000000.0,0.2134,0.0833,3.658103468687108,61.06309932520421,17.59,0.9
NWC,The North West Co Inc,Consumer Defensive,0.0645,0.011899999999999999,0.0888,0.2229,0.015192516275999999,2.13,0.9,2013000000.0,0.061799999999999994,0.0388,2.378348824494259,55.03007107709131,8.38,1.28
TSGI,The Stars Group Inc,Consumer Cyclical,0.1993,0.2198,-0.0123,-0.0355,0.0,1.03,1.3,2029000000.0,0,0.2711,-0.3733528550512445,7.426793557833089,20.45,0
TRI,Thomson Reuters Corp,Financial Services,0.1409,0.2701,0.1813,0.3574,2.4659707990357997,1.84,0.35,5501000000.0,0.4654,-0.2334,7.893264041575055,10.995402758344992,24.53,1.53
X,TMX Group Ltd,Financial Services,0.45159999999999995,0.3528,0.01,0.08710000000000001,0.13877162208000002,0.99,0.22,817000000.0,0.0,0.0313,5.113534775612373,14.607545145717861,60.61,2.24
TOG,TORC Oil & Gas Ltd,Energy,0.1275,-0.15410000000000001,0.0078000000000000005,0.011699999999999999,0.0,0.33,0.22,541000000.0,0,0.2695,0.0780962881293642,2.4852995222344725,6.9,0.26
TXG,Torex Gold Resources Inc,Basic Materials,0.172,0.23120000000000002,0.019,0.0322,0.024329083520000003,1.21,0.33,442000000.0,0,0,0.27007984969469234,5.190230155002348,12.04,0
TIH,Toromont Industries Ltd,Industrials,0.10550000000000001,0.1303,0.0827,0.20550000000000002,0.23362225475250004,1.58,0.49,3504000000.0,0.1542,0.1707,3.0927835051546393,43.004418262150224,16.35,0.92
TD,The Toronto-Dominion Bank,Financial Services,0,-0.0154,0.0086,0.15439999999999998,0.0,0,1.2,39162000000.0,0.1142,0.07400000000000001,6.185245901639345,21.4,41.64,2.68
TOU,Tourmaline Oil Corp,Energy,0.07519999999999999,0.0346,0.0384,0.0545,0.005445298175999998,0.58,0.2,1731000000.0,0.2207,0.1725,1.4739937511486858,6.362800955706671,27.73,0.37
TA,TransAlta Corp,Utilities,0.1036,0.2325,-0.025099999999999997,-0.1117,0.0,1.5,1.52,2249000000.0,0.0,-0.0038,-0.6956155143338955,7.901208544125914,7.22,0.16
RNW,TransAlta Renewables Inc,Utilities,0.3139,0.6970000000000001,0.064,0.1045,1.4632561504000003,1.57,0.37,462000000.0,0.0659,0.1349,0.8939055338812923,1.7499337146320215,8.95,0.94
TRP,TransCanada Corp,Energy,0.45380000000000004,-0.24559999999999998,0.0383,0.1525,0.0,0.4,1.74,13679000000.0,0.0,0.0658,4.008445671593308,14.811325862162308,27.46,2.76
TCL.A,Transcontinental Inc Class A,Consumer Cyclical,0.11710000000000001,0.069,0.0633,0.12689999999999999,0.064903978323,1.39,0.74,2873000000.0,-0.0668,0.044500000000000005,2.494547437295529,39.163031624863684,18.93,0.84
TCW,Trican Well Service Ltd,Energy,-0.0528,0.0246,-0.18289999999999998,-0.2303,0.0,2.35,0.05,901000000.0,0.0,-0.157,-0.791144613086143,3.0593188686292487,2.8,0
TCN,Tricon Capital Group Inc,Real Estate,-0.7206,-0.9690000000000001,0.13849999999999998,0.20559999999999998,0.0,1.93,0.32,30000000.0,0.4484,0.056799999999999996,1.505856107083101,0.2091466815393196,11.14,0.16
TRQ,Turquoise Hill Resources Ltd,Basic Materials,0.1362,-0.9528,0.0315,0.0451,0.0,6.6,0.45,1180000000.0,0,-0.10300000000000001,0.20447761194029854,0.5870646766169155,6.24,0
UNS,Uni-Select Inc,Consumer Cyclical,0.045599999999999995,0.041100000000000005,0.0241,0.0701,0.0031662246456,1.46,0.81,1752000000.0,0.0,-0.0040999999999999995,0.8492569002123143,41.33050247699929,16.64,0.28
VET,Vermilion Energy Inc,Energy,0.2325,0.0105,0.055,0.1331,0.017871170625000002,0.71,0.72,1698000000.0,-0.0368,0.0482,1.866718882579466,11.082827491678088,17.69,2.76
WCN,Waste Connections Inc,Industrials,0.1718,0.1787,0.044000000000000004,0.08529999999999999,0.115225717112,1.47,0.63,5027000000.0,0.0,0.2061,2.080722937312526,19.087215704142462,33.51,0.6
WFT,West Fraser Timber Co.Ltd,Basic Materials,0.1363,0.060700000000000004,0.1251,0.215,0.22252577206500004,1.76,0.24,5995000000.0,0.1834,0.1198,9.131871432862722,90.04205467107239,40.3,0.75
WEF,Western Forest Products Inc,Basic Materials,0.0855,0.019299999999999998,0.0836,0.1219,0.016816414625999997,2.09,0.01,1197000000.0,-0.1121,0.0342,0.18149297701088957,3.1485086011889103,1.49,0.09
WJA,Westjet Airlines Ltd,Industrials,0.032799999999999996,0.023799999999999998,0.0138,0.0405,0.00043629969599999995,0.78,0.63,4733000000.0,-0.371,0.0527,0.7985958753839403,41.53576129881527,20.21,0.56
WTE,Westshore Terminals Investment Corp,Basic Materials,0.4876,0.3115,0.1467,0.19690000000000002,4.387302483102,0.93,0,363000000.0,-0.06570000000000001,-0.0022,1.8740629685157422,5.442278860569715,9.56,0.64
WPM,Wheaton Precious Metals Corp,Basic Materials,0.3077,-0.8164,0.0703,0.0848,0.0,2.76,0.24,794000000.0,0.0,0.0236,0.9590764116616505,1.783387987961008,15.67,0.36
WCP,Whitecap Resources Inc,Energy,0.20620000000000002,0.1653,0.0109,0.019799999999999998,0.007356194485200001,1.17,0.39,1525000000.0,0.0,0.267,0.1573240391131765,3.6910639945783714,7.8,0.32
WPK,Winpak Ltd,Consumer Cyclical,0.1736,0.0726,0.1047,0.12390000000000001,0.1634949450288,9.03,0,892000000.0,0.0315,0.0373,1.7076923076923076,13.723076923076922,19.65,0.09
WSP,WSP Global Inc,Industrials,0.0584,0.0687,0.0347,0.07980000000000001,0.011109690244800002,1.24,0.45,7908000000.0,0.0953,0.0925,2.367089815786962,75.47962202920684,31.2,1.5
YRI,Yamana Gold Inc,Basic Materials,0.128,-0.023700000000000002,-0.0339,-0.06860000000000001,0.0,0.86,0.44,1799000000.0,0.0,-0.0048,-0.29992422966829435,1.8932059269237245,5.65,0.02
