Symbol,Name,Sector,OM,FCFM,ROA,ROE,PScore,CR,D/E,Revenue,YEG,YRG,EPS,BPS,DPS
MMM,3M Co,Industrials,0.2047,0.1383,0.12480000000000001,0.40409999999999996,1.4277213651168,1.97,1.32,32810000000.0,-0.0066,-0.0017000000000000001,7.46,17.6,5.25
ABT,Abbott Laboratories,Healthcare,0.1085,0.1613,0.0123,0.0282,0.006070414203,1.42,0.63,30402000000.0,-0.4067,-0.0724,0.49,17.48,1.1
ABBV,AbbVie Inc,Healthcare,0.331,0.3704,0.1116,3.9995,54.72287014608,1.2,0,32187000000.0,0.0013,0.0895,4.82,-1.94,3.27
ABMD,Abiomed Inc,Healthcare,0.27440000000000003,0.2242,0.2408,0.2725,4.036850856640001,6.85,0,690000000.0,-0.0045000000000000005,0.3029,4.13,17.61,0
ACN,Accenture PLC A,Technology,0.1411,0.12960000000000002,0.16949999999999998,0.38670000000000004,1.1986044614640001,1.33,0,42325000000.0,0.0435,0.06480000000000001,6.51,19.03,2.79
ATVI,Activision Blizzard Inc,Technology,0.2115,0.249,0.0335,0.0559,0.098620303275,2.09,0.25,7162000000.0,-0.3111,0.0764,0.75,13.97,0.34
ADBE,Adobe Inc,Technology,0.32299999999999995,0.40979999999999994,0.1648,0.28350000000000003,6.184217380319999,1.66,0.21,8572000000.0,0.15259999999999999,0.10640000000000001,4.84,19.18,0
AMD,Advanced Micro Devices Inc,Technology,0.07690000000000001,0.0275,0.0898,0.4328,0.08219068924000002,1.76,1.04,6472000000.0,0,-0.0108,0.33,1.13,0
AAP,Advance Auto Parts Inc,Consumer Cyclical,0.0638,0.0786,0.0636,0.1611,0.0513802106928,1.62,0.29,9512000000.0,-0.0125,-0.016200000000000003,7.48,50.21,0.24
AES,The AES Corp,Utilities,0.2237,0.026699999999999998,-0.0075,-0.0823,0.0036867046275,1.24,5.47,10757000000.0,0.0,-0.15,-0.42,4.99,0.51
AMG,Affiliated Managers Group Inc,Financial Services,0.34119999999999995,0.5079,0.0824,0.196,2.7987913201919996,1.47,0.51,2418000000.0,0.15109999999999998,-0.0281,12.73,68.69,1.1
AFL,Aflac Inc,Financial Services,0,0.2816,0.0363,0.2202,0.0,0,0.23,21986000000.0,0.09939999999999999,-0.030899999999999997,6.33,30.52,1.0
A,Agilent Technologies Inc,Healthcare,0.1888,0.1852,0.037200000000000004,0.0672,0.08740880547839999,3.29,0.39,4914000000.0,-0.1528,-0.062400000000000004,0.97,14.34,0.59
APD,Air Products & Chemicals Inc,Basic Materials,0.2198,0.109,0.0796,0.14300000000000002,0.27271139896,2.17,0.31,8930000000.0,0.054400000000000004,-0.0336,6.78,49.45,4.25
AKAM,Akamai Technologies Inc,Technology,0.14429999999999998,0.1961,0.0461,0.0708,0.09235876305239998,2.03,0.27,2674000000.0,-0.1321,0.0842,1.33,19.38,0
ALK,Alaska Air Group Inc,Industrials,0.1082,0.0587,0.0742,0.2205,0.10391490887400001,0.71,0.44,8181000000.0,0.1956,0.1124,6.5,30.75,1.26
ALB,Albemarle Corp,Basic Materials,0.21100000000000002,0.0013,0.046,0.0931,0.0011747171800000002,1.83,0.4,3311000000.0,-0.29350000000000004,0.0227,3.17,33.23,1.32
ARE,Alexandria Real Estate Equities Inc,Real Estate,0.2834,0.39549999999999996,0.0336,0.071,0.26738926031999993,0.48,0.84,1282000000.0,0.1061,0.1454,4.23,63.23,3.66
ALXN,Alexion Pharmaceuticals Inc,Healthcare,0.3299,0.0873,0.0111,0.0168,0.005370674349600001,3.16,0.28,3912000000.0,-0.1229,0.1671,0.69,41.1,0
ALGN,Align Technology Inc,Healthcare,0.2458,0.12789999999999999,0.1727,0.2637,1.4317094462417996,1.98,0,1854000000.0,0.1664,0.2134,3.83,14.92,0
ALLE,Allegion PLC,Industrials,0.1945,0.1471,0.1204,0.6466,2.227380768508,1.79,2.38,2652000000.0,0.044199999999999996,0.0354,3.25,6.28,0.79
AGN,Allergan PLC,Healthcare,0.022099999999999998,0.35729999999999995,0.0196,0.0323,0.004999008596399999,0.92,0.32,16033000000.0,0.0,0.06860000000000001,6.59,209.04,2.86
ADS,Alliance Data Systems Corp,Financial Services,0.2274,0.34149999999999997,0.0329,0.4888,1.2488442067919998,2.41,5.1,7842000000.0,0.1331,0.1333,17.12,42.06,2.23
LNT,Alliant Energy Corp,Utilities,0.196,0.27699999999999997,0.0354,0.1193,0.22928706024,0.73,1.15,3517000000.0,0.0593,0.0032,2.23,19.36,1.32
ALL,Allstate Corp,Financial Services,0,0.1174,0.0319,0.1744,0.0,0,0.3,39513000000.0,0.0382,0.029500000000000002,10.14,61.93,1.75
GOOGL,Alphabet Inc A,Technology,0.2376,0.1649,0.0913,0.1148,0.4106574986976,4.14,0.02,129866000000.0,-0.0429,0.1718,26.65,244.21,0
GOOG,Alphabet Inc Class C,Technology,0.2376,0.1649,0.0913,0.1148,0.4106574986976,4.14,0.02,129866000000.0,-0.0429,0.1718,26.65,244.21,0
MO,Altria Group Inc,Consumer Defensive,0.37799999999999995,0.2826,0.24239999999999998,0.7722,19.995228437183997,0.6,0.77,25351000000.0,0.19579999999999997,0.0077,5.61,8.25,2.86
AMZN,Amazon.com Inc,Consumer Cyclical,0.0487,0.0605,0.0688,0.2792,0.056596319296,1.08,0.63,220957000000.0,0.0,0.23829999999999998,17.86,80.02,0
AEE,Ameren Corp,Utilities,0.23129999999999998,-0.031200000000000002,0.026099999999999998,0.0916,-0.0172530629856,0.64,0.99,6274000000.0,-0.037200000000000004,-0.019799999999999998,2.79,31.34,1.83
AAL,American Airlines Group Inc,Industrials,0.075,-0.0206,0.0219,0.6793,-0.02298445515,0.58,0,43799000000.0,-0.1268,-0.0034999999999999996,2.48,-1.23,0.4
AEP,American Electric Power Co Inc,Utilities,0.1848,-0.0977,0.0298,0.1058,-0.05692440008639999,0.56,1.1,16205000000.0,0.053899999999999997,-0.0323,3.97,38.57,2.48
AXP,American Express Co,Financial Services,0,0.5374,0.02,0.1685,0.0,0,2.58,26089000000.0,-0.2253,-0.107,4.23,25.75,1.44
AIG,American International Group Inc,Financial Services,0,0.005,-0.012,-0.0922,0.0,0,0.59,47531000000.0,0.0,-0.0836,-6.47,66.23,1.28
AMT,American Tower Corp,Communication Services,0.2631,0.3444,0.0358,0.19699999999999998,0.639047652264,0.53,3.44,7012000000.0,0.1422,0.1757,2.66,12.15,3.01
AWK,American Water Works Co Inc,Utilities,0.3389,-0.0794,0.0226,0.07980000000000001,-0.0485292301368,0.46,1.29,3411000000.0,0.0023,0.0313,2.52,32.45,1.74
AMP,Ameriprise Financial Inc,Financial Services,0,0.1153,0.011899999999999999,0.2912,0.0,0,0.75,12805000000.0,-0.029500000000000002,-0.006,11.62,40.31,3.46
ABC,AmerisourceBergen Corp,Healthcare,0.009300000000000001,0.0064,0.0454,0.6637000000000001,0.0017934554496000007,0.93,1.42,167940000000.0,0.0,0.0729,7.53,13.84,1.52
AME,AMETEK Inc,Industrials,0.2187,0.1707,0.1013,0.1945,0.7355485694565,2.06,0.41,4718000000.0,0.0525,0.0225,3.46,19.44,0.51
AMGN,Amgen Inc,Healthcare,0.43420000000000003,0.44799999999999995,0.0298,0.0946,0.548371952128,3.08,2.05,23319000000.0,-0.2734,0.0443,3.84,22.52,5.11
APH,Amphenol Corp Class A,Technology,0.20559999999999998,0.1115,0.0789,0.1891,0.34203181875599986,1.68,0.62,7921000000.0,-0.028300000000000002,0.0946,2.43,13.3,0.84
APC,Anadarko Petroleum Corp,Energy,0.23309999999999997,-0.0529,0.0351,0.1517,-0.06565845252329999,0.87,1.81,13072000000.0,0.0,-0.11800000000000001,2.74,17.25,0.8
ADI,Analog Devices Inc,Technology,0.31329999999999997,0.3528,0.0716,0.1409,1.1150978713055997,1.5,0.57,6201000000.0,0.17300000000000001,0.1868,3.97,29.68,1.89
ANSS,Ansys Inc,Technology,0.33659999999999995,0.37229999999999996,0.10800000000000001,0.1318,1.7838006325919997,2.71,0,1181000000.0,0.0059,0.0538,3.69,30.5,0
ANTM,Anthem Inc,Healthcare,0,0.0098,0.0638,0.1655,0.0,0,0.59,91412000000.0,0.0767,0.0682,17.23,112.49,2.95
AON,Aon PLC,Financial Services,0.14300000000000002,0.1026,0.029900000000000003,0.1632,0.07159368902400003,1.06,1.37,10909000000.0,-0.0426,-0.0602,3.15,17.7,1.52
AOS,A.O. Smith Corp,Industrials,0.1748,0.1206,0.11109999999999999,0.1991,0.4663092764088,2.16,0.11,3144000000.0,0.1258,0.08349999999999999,1.97,10.33,0.68
APA,Apache Corp,Energy,0.2929,-0.027000000000000003,0.0401,0.1199,-0.038023027317000004,1.26,1.06,7285000000.0,-0.0821,-0.2463,2.28,20.06,1.0
AIV,Apartment Investment & Management Co,Real Estate,0.20370000000000002,0.0575,0.1479,0.5487,0.9505216383075001,0.43,1.82,996000000.0,0.008199999999999999,-0.0054,5.82,12.85,1.5
AAPL,Apple Inc,Technology,0.2669,0.2414,0.1607,0.4936,5.1106585642832005,1.12,0.87,265595000000.0,0.0369,0.0435,11.91,22.65,2.72
AMAT,Applied Materials Inc,Technology,0.278,0.1834,0.1782,0.4093,3.7187207885519995,2.64,0.78,17253000000.0,0.34,0.18100000000000002,3.23,7.13,0.6
APTV,Aptiv PLC,Consumer Cyclical,0.11460000000000001,0.029500000000000002,0.0812,0.316,0.08674605744000001,1.54,1.13,14239000000.0,0.001,-0.08869999999999999,4.05,13.69,0.95
ADM,Archer-Daniels Midland Co,Consumer Defensive,0.030699999999999998,0.013500000000000002,0.0581,0.1249,0.0030075351705,1.67,0.35,64464000000.0,-0.1081,-0.09179999999999999,4.02,33.87,1.32
ARNC,Arconic Inc,Industrials,0.08689999999999999,0.0096,-0.016200000000000003,-0.0545,0.0007365504960000001,2.03,1.19,13813000000.0,0,0,-0.77,10.98,0.24
ANET,Arista Networks Inc,Technology,0.3084,0.183,0.1025,0.1507,0.8717713190999999,4.51,0.02,2024000000.0,0.6953,0.4125,3.24,25.79,0
AJG,Arthur J. Gallagher & Co,Financial Services,0.0935,0.0953,0.0394,0.1316,0.046201558171999994,1.09,0.69,6707000000.0,0.1514,0.1001,3.06,24.75,1.62
AIZ,Assurant Inc,Financial Services,0,0.0736,0.013999999999999999,0.11320000000000001,0.0,0,0.38,7351000000.0,0.0144,-0.15289999999999998,9.38,84.06,2.24
T,AT&T Inc,Communication Services,0.1527,0.12539999999999998,0.06860000000000001,0.2173,0.28544366937239996,0.81,0.92,164439000000.0,0.3231,0.0473,5.26,25.26,2.0
ADSK,Autodesk Inc,Technology,-0.0475,0.0352,-0.0805,0.0,0.0,0.8,0,2386000000.0,0.0,-0.0645,-1.46,-1.54,0
ADP,Automatic Data Processing Inc,Industrials,0.1925,0.14550000000000002,0.046900000000000004,0.397,0.5215033188750001,1.03,0.42,13571000000.0,0.028900000000000002,0.0333,3.88,10.69,2.64
AZO,AutoZone Inc,Consumer Cyclical,0.1623,0.129,0.14880000000000002,0,0.0,0.93,0,11274000000.0,0.048499999999999995,0.0327,52.24,-65.8,0
AVB,AvalonBay Communities Inc,Real Estate,0.3619,0.5372,0.0447,0.0795,0.6908746202819999,0.72,0.72,2261000000.0,0.0866,0.0861,5.98,75.22,5.83
AVY,Avery Dennison Corp,Industrials,0.1063,0.028399999999999998,0.059500000000000004,0.2848,0.051157410752000004,1.0,1.24,7126000000.0,0.042300000000000004,0.0147,3.5,12.08,1.94
BHGE,"Baker Hughes, a GE Co Class A",Energy,0.046900000000000004,-0.0197,0.0023,0.0087,-1.8487839299999998e-05,1.91,0.46,22491000000.0,0,0,0.29,12.49,0.72
BLL,Ball Corp,Consumer Cyclical,0.1015,0.0858,0.0276,0.12890000000000001,0.030982419468000004,1.01,1.79,11579000000.0,-0.0733,0.046900000000000004,1.31,10.73,0.4
BAC,Bank of America Corporation,Financial Services,0,0.5271,0.009399999999999999,0.08869999999999999,0.0,0,0.98,88947000000.0,0.342,0.0146,2.11,25.13,0.51
BK,Bank of New York Mellon Corp,Financial Services,0,0.1907,0.0124,0.11630000000000001,0.0,0,0.74,15696000000.0,0.1084,-0.0031,4.28,38.62,1.0
BAX,Baxter International Inc,Healthcare,0.1247,0.1052,0.0701,0.12960000000000002,0.1191805026624,2.6,0.38,11060000000.0,-0.3403,-0.1412,2.2,17.16,0.7
BBT,BB&T Corp,Financial Services,0,0.4052,0.0132,0.109,0.0,0,0.86,11487000000.0,0.0363,0.0252,3.71,35.46,1.49
BDX,"Becton, Dickinson and Co",Healthcare,0.1402,0.1233,0.0034999999999999996,0.009399999999999999,0.0005687311139999999,1.02,0.9,15983000000.0,-0.248,0.1469,0.6,77.91,3.0
BRK.B,Berkshire Hathaway Inc B,Financial Services,0,0.0839,0.0874,0.1812,0.0,0,0.25,256215000000.0,0.2483,0.0754,24.87,151.84,0
BBY,Best Buy Co Inc,Consumer Cyclical,0.0426,0.0282,0.07339999999999999,0.30510000000000004,0.026902768528799997,1.1,0.42,43441000000.0,-0.0674,-0.030699999999999998,3.78,11.19,1.69
BIIB,Biogen Inc,Healthcare,0.44060000000000005,0.3669,0.13119999999999998,0.23929999999999998,5.0753820364224,2.75,0.43,13234000000.0,-0.0471,0.0815,15.45,68.33,0
BLK,BlackRock Inc,Financial Services,0.42950000000000005,0.27399999999999997,0.0288,0.1822,0.61752506688,1.45,0,13419000000.0,0.1469,0.0407,34.89,204.49,11.39
HRB,H&R Block Inc,Consumer Cyclical,0.23800000000000002,0.2401,0.2878,0.0,0.0,2.04,0,3175000000.0,0.0716,0.0087,2.68,-0.15,0.98
BA,Boeing Co,Industrials,0.1081,0.1399,0.0981,0.0,0.0,1.1,0,96943000000.0,0.146,0.0096,16.99,-2.27,6.55
BKNG,Booking Holdings Inc,Consumer Cyclical,0.36719999999999997,0.3547,0.1115,0.245,3.5579907342000006,2.4,0.87,14117000000.0,-0.0113,0.14529999999999998,58.08,214.8,0
BWA,BorgWarner Inc,Consumer Cyclical,0.1242,0.052000000000000005,0.056799999999999996,0.1405,0.05154061536000001,1.66,0.51,10543000000.0,-0.1246,0.0567,2.65,19.52,0.68
BXP,Boston Properties Inc,Real Estate,0.34049999999999997,0.40979999999999994,0.0268,0.0934,0.3492776051279999,2.9,1.92,2667000000.0,0.0132,0.0277,3.41,36.76,3.35
BSX,Boston Scientific Corp,Healthcare,0.17309999999999998,0.0709,0.034300000000000004,0.08439999999999999,0.035528745226799996,0.78,0.58,9670000000.0,0,0.0453,0.48,5.99,0
BHF,Brighthouse Financial Inc,Financial Services,0,0.41969999999999996,0.0004,0.0068000000000000005,0.0,0,0.31,6819000000.0,0,-0.102,0.75,108.63,0
BMY,Bristol-Myers Squibb Company,Healthcare,0.185,0.1685,0.042300000000000004,0.1008,0.13291455240000002,1.53,0.42,22037000000.0,-0.205,0.0335,0.89,8.36,1.6
AVGO,Broadcom Inc,Technology,0.2575,0.39549999999999996,0.2345,0.5223,12.473450103187497,3.9,0.66,20848000000.0,0.8591,0.451,28.44,65.45,7.0
BR,Broadridge Financial Solutions Inc,Industrials,0.1393,0.1311,0.1377,0.4003,1.0066380411213,1.69,0.93,4377000000.0,0.1423,0.12240000000000001,3.78,10.57,1.58
BF.B,Brown-Forman Corp Class B,Consumer Defensive,0.31670000000000004,0.1728,0.1479,0.4765,3.8567623642560003,3.06,1.53,3287000000.0,0.0158,0.012,1.55,3.14,0.63
CHRW,C.H. Robinson Worldwide Inc,Industrials,0.0527,0.0385,0.14529999999999998,0.43119999999999997,0.12712053477199997,1.85,0.86,16453000000.0,-0.0319,0.0335,4.47,11.39,1.84
COG,Cabot Oil & Gas Corp Class A,Energy,0.2879,0.075,0.051,0.1003,0.11045211524999997,1.69,0.58,1903000000.0,-0.0529,-0.0365,0.53,4.86,0.23
CDNS,Cadence Design Systems Inc,Technology,0.1804,0.2608,0.1017,0.2054,0.9828008251775999,1.64,0.27,2070000000.0,-0.1424,0.0712,0.83,4.46,0
CPB,Campbell Soup Co,Consumer Defensive,0.1186,0.09630000000000001,0.0161,0.1166,0.021440524366800003,0.69,5.69,9218000000.0,-0.2771,0.015300000000000001,0.59,4.67,1.4
COF,Capital One Financial Corp,Financial Services,0,0.44420000000000004,0.0096,0.0693,0.0,0,1.02,27507000000.0,-0.2351,0.0559,7.18,106.91,1.6
CPRI,Capri Holdings Ltd,Consumer Cyclical,0.18539999999999998,0.16570000000000001,0.177,0.2949,1.6035417698939998,1.48,0.23,5075000000.0,-0.1242,0.0258,3.84,14.28,0
CAH,Cardinal Health Inc,Healthcare,0.013000000000000001,0.0113,0.0179,0.1166,0.000306600866,1.06,1.35,139381000000.0,-0.40490000000000004,0.062400000000000004,2.39,19.85,1.88
KMX,CarMax Inc,Consumer Cyclical,0.0395,-0.0048,0.0432,0.22920000000000001,-0.0018773130240000001,2.5,3.93,17939000000.0,0.0359,0.0626,4.33,20.2,0
CCL,Carnival Corp,Consumer Cyclical,0.1777,0.1085,0.07780000000000001,0.1313,0.196952496013,0.22,0.34,18684000000.0,0.1496,0.0263,4.47,33.7,1.9
CAT,Caterpillar Inc,Industrials,0.14529999999999998,0.040999999999999995,0.048499999999999995,0.2414,0.06974747266999998,1.48,1.61,53276000000.0,-0.4113,-0.07150000000000001,6.27,26.86,3.2
CBOE,Cboe Global Markets Inc,Financial Services,0.21350000000000002,0.17579999999999998,0.1042,0.1789,0.699672507954,0.91,0.29,2642000000.0,0.2061,0.3419,4.88,28.09,1.12
CBRE,CBRE Group Inc,Real Estate,0.0629,0.0371,0.0668,0.1935,0.030163517622000004,1.16,0.37,16127000000.0,0.1259,0.1623,2.4,13.83,0
CBS,CBS Corp Class B,Consumer Cyclical,0.1771,0.063,0.0604,0.49310000000000004,0.332300543652,1.51,3.76,14411000000.0,-0.5059,-0.005699999999999999,3.57,6.72,0.72
CE,Celanese Corp,Basic Materials,0.19219999999999998,0.1306,0.1388,0.4191,1.4601708938256,2.08,0.9,7059000000.0,0.06860000000000001,-0.0336,9.61,26.47,2.0
CELG,Celgene Corp,Healthcare,0.2256,0.284,0.0877,0.3932,2.2093806082559997,2.13,4.06,14727000000.0,0.1371,0.1875,3.94,6.94,0
CNC,Centene Corp,Healthcare,0.0222,0.030299999999999997,0.0334,0.10279999999999999,0.0023095915631999994,1.03,0.6,56363000000.0,0.4511,0.4104,4.67,51.67,0
CNP,CenterPoint Energy Inc,Utilities,0.0891,0.0509,0.0694,0.36920000000000003,0.11620281507120002,1.06,1.54,10191000000.0,0.3386,0.0138,3.55,9.41,1.1
CTL,CenturyLink Inc,Communication Services,0.1277,0.13970000000000002,0.028999999999999998,0.10039999999999999,0.051942041404,0.78,1.57,22988000000.0,0.1232,-0.008,2.34,21.1,2.16
CERN,Cerner Corp,Technology,0.1561,0.129,0.1283,0.17350000000000002,0.44824840084500006,2.63,0.09,5314000000.0,0.1689,0.1405,2.49,15.37,0
CF,CF Industries Holdings Inc,Basic Materials,0.14400000000000002,0.2302,0.0504,0.2138,0.357195557376,2.03,1.36,4396000000.0,-0.3638,-0.07519999999999999,3.02,14.89,1.2
SCHW,Charles Schwab Corp,Financial Services,0,0.30879999999999996,0.011899999999999999,0.17989999999999998,0.0,0,0.32,9501000000.0,0.2046,0.1149,2.19,13.36,0.41
CHTR,Charter Communications Inc A,Communication Services,0.1235,0.057999999999999996,0.0713,0.2982,0.15229727058,0.23,1.86,43005000000.0,0,0.40840000000000004,36.73,162.09,0
CVX,Chevron Corp,Energy,0.0725,0.09230000000000001,0.0555,0.0946,0.03513369502500001,1.22,0.2,154945000000.0,-0.2182,-0.1242,7.43,80.37,4.44
CMG,Chipotle Mexican Grill Inc Class A,Consumer Cyclical,0.0713,0.0672,0.0877,0.1334,0.05605498308479999,1.97,0,4750000000.0,-0.2658,0.028999999999999998,6.72,51.67,0
CB,Chubb Ltd,Financial Services,0,0.1507,0.030699999999999998,0.1014,0.0,0,0.24,33106000000.0,0.0737,0.1245,10.96,110.53,2.88
CHD,Church & Dwight Co Inc,Consumer Defensive,0.1981,0.18780000000000002,0.13949999999999999,0.3861,2.003798617821,0.93,0.77,4105000000.0,0.16269999999999998,0.0462,3.28,9.56,0.84
CI,Cigna Corp,Healthcare,0,0.084,0.0381,0.1858,0.0,0,1.61,44542000000.0,0.021,0.0603,11.24,40.85,0.04
XEC,Cimarex Energy Co,Energy,0.4077,-0.0323,0.121,0.2361,-0.376205024151,1.69,0.49,2266000000.0,-0.0085,-0.0751,6.83,31.6,0.48
CINF,Cincinnati Financial Corp,Financial Services,0,0.1827,0.06269999999999999,0.17420000000000002,0.0,0,0.1,6108000000.0,0.19940000000000002,0.050499999999999996,8.36,51.21,2.09
CTAS,Cintas Corp,Industrials,0.1564,0.0978,0.13119999999999998,0.3383,0.6789087973632,1.99,0.84,6675000000.0,0.21710000000000002,0.08449999999999999,8.44,28.96,2.05
CSCO,Cisco Systems Inc,Technology,0.27140000000000003,0.268,0.010700000000000001,0.0231,0.017977959384000007,2.11,0.42,50265000000.0,-0.7695000000000001,0.0011,0.31,9.75,1.28
C,Citigroup Inc,Financial Services,0,0.2962,-0.0033,-0.033,0.0,0,1.32,72239000000.0,0.0,-0.0241,-1.99,75.05,1.41
CFG,Citizens Financial Group Inc,Financial Services,0,0.18359999999999999,0.0123,0.0964,0.0,0,0.79,6019000000.0,0.2077,0.031200000000000002,3.9,42.17,0.89
CTXS,Citrix Systems Inc,Technology,0.249,0.34090000000000004,0.0231,0.0911,0.178630948881,0.83,0.96,2950000000.0,0.0,-0.035,0.99,5.73,0
CLX,Clorox Co,Consumer Defensive,0.1805,0.128,0.17420000000000002,1.3255000000000001,5.3347621184000005,1.07,3.38,6187000000.0,0.0755,0.0172,6.42,5.3,3.6
CME,CME Group Inc Class A,Financial Services,0.6283,0.6017,0.060700000000000004,0.2045,4.6927678966465,1.09,0.15,3973000000.0,0.353,0.045700000000000005,13.25,65.11,2.76
CMS,CMS Energy Corp,Utilities,0.1892,-0.014199999999999999,0.023700000000000002,0.1176,-0.0074879880768000005,0.69,1.88,6822000000.0,-0.012,-0.0285,1.93,16.76,1.41
KO,Coca-Cola Co,Consumer Defensive,0.3171,0.17129999999999998,0.0317,0.1393,0.23986339902629997,1.06,1.4,32310000000.0,-0.43979999999999997,-0.08349999999999999,0.66,4.29,1.54
CTSH,Cognizant Technology Solutions Corp A,Technology,0.1747,0.1495,0.09609999999999999,0.1307,0.3280447357655,3.24,0.06,15824000000.0,0.0148,0.1301,2.46,18.96,0.75
CL,Colgate-Palmolive Co,Consumer Defensive,0.2434,0.1575,0.16699999999999998,0.0,0.0,1.11,0,15625000000.0,-0.0392,-0.0365,2.42,-0.5,1.64
CMCSA,Comcast Corp Class A,Communication Services,0.2107,0.1445,0.12539999999999998,0.3812,1.4554014764519996,1.18,0.97,88233000000.0,0.2964,0.062,5.12,15.72,0.73
CMA,Comerica Inc,Financial Services,0,0.3427,0.0144,0.1303,0.0,0,0.82,3294000000.0,0.0736,0.0447,5.96,46.89,1.54
CAG,Conagra Brands Inc,Consumer Defensive,0.10869999999999999,0.0653,0.0444,0.1359,0.0428297118156,1.47,1.6,8179000000.0,0.0,-0.20559999999999998,1.83,14.88,0.85
CXO,Concho Resources Inc,Energy,0.34450000000000003,0.0008,0.0533,0.07980000000000001,0.0011722205040000002,0.55,0.24,3864000000.0,0.1724,-0.009399999999999999,6.52,86.05,0
COP,ConocoPhillips,Energy,0.2439,0.1429,0.0821,0.1911,0.5468243851161001,1.99,0.47,34870000000.0,0.0,-0.17859999999999998,5.0,27.75,1.12
ED,Consolidated Edison Inc,Utilities,0.1966,-0.07429999999999999,0.0315,0.10039999999999999,-0.046197299987999985,0.62,0.97,12349000000.0,0.059699999999999996,-0.023399999999999997,5.0,51.01,2.83
STZ,Constellation Brands Inc A,Consumer Defensive,0.30469999999999997,0.18109999999999998,0.1301,0.32439999999999997,2.3288903783947994,1.08,1.05,8086000000.0,0.4032,0.0796,15.84,59.28,2.74
COO,The Cooper Companies Inc,Healthcare,0.16879999999999998,0.1877,0.0255,0.0432,0.034902830016,2.03,0.6,2533000000.0,-0.1393,0.09789999999999999,2.81,67.18,0.06
CPRT,Copart Inc,Consumer Cyclical,0.3317,0.13019999999999998,0.2045,0.3178,2.8067495453339992,3.0,0.24,1848000000.0,0.1834,0.1153,1.88,7.14,0
GLW,Corning Inc,Technology,0.1378,0.056600000000000004,-0.027000000000000003,-0.0525,0.011055762900000002,2.13,0.44,10892000000.0,0.0,0.013600000000000001,-0.74,14.48,0.69
COST,Costco Wholesale Corp,Consumer Defensive,0.030899999999999997,0.0212,0.0784,0.26899999999999996,0.013815375167999997,1.02,0.49,144836000000.0,0.0898,0.0613,7.37,29.89,2.21
COTY,Coty Inc Class A,Consumer Defensive,0.037000000000000005,-0.0139,-0.006999999999999999,-0.0179,-6.444179e-05,0.99,0.91,9191000000.0,0.0,0.1512,-0.22,11.46,0.5
CCI,Crown Castle International Corp,Real Estate,0.26649999999999996,0.1505,0.0139,0.0355,0.019791415962499996,0.96,1.33,5242000000.0,0.0441,0.056799999999999996,1.06,29.64,4.2
CSX,CSX Corp,Industrials,0.37939999999999996,0.1837,0.18239999999999998,0.5368999999999999,6.825346765036798,1.43,1.0,11970000000.0,0.24100000000000002,-0.034300000000000004,7.37,0,0.86
CMI,Cummins Inc,Industrials,0.1,0.0663,0.0697,0.17379999999999998,0.0803148918,1.54,0.22,23121000000.0,-0.1542,0.020499999999999997,7.9,44.79,4.38
CVS,CVS Health Corp,Healthcare,0.051100000000000007,0.022799999999999997,0.0277,0.08710000000000001,0.0028109535636,2.44,1.66,188055000000.0,0.113,0.08449999999999999,3.03,28.32,2.0
DHI,D.R. Horton Inc,Consumer Cyclical,0.12689999999999999,0.0253,0.11109999999999999,0.1746,0.06227882949419999,10.2,0.36,16068000000.0,0.2483,0.1408,3.81,24.05,0.5
DHR,Danaher Corp,Healthcare,0.17379999999999998,0.1531,0.059000000000000004,0.1041,0.163428465882,1.53,0.38,19615000000.0,-0.0138,-0.0273,3.89,39.48,0.62
DRI,Darden Restaurants Inc,Consumer Cyclical,0.0973,0.08039999999999999,0.1241,0.319,0.30969297466799994,0.41,0.41,8297000000.0,-0.0565,-0.0113,5.36,18.22,2.76
DVA,DaVita Inc,Healthcare,0.1368,0.066,0.0319,0.1423,0.040985063856,1.84,2.21,11365000000.0,-0.0282,-0.0527,3.38,23.04,0
DE,Deere & Co,Industrials,0.1096,-0.0305,0.0349,0.22719999999999999,-0.026505997184,1.84,2.41,37021000000.0,-0.0771,-0.0032,7.24,35.29,2.58
DAL,Delta Air Lines Inc,Industrials,0.1242,0.061200000000000004,0.0665,0.2566,0.12970338645600002,0.37,0.59,44030000000.0,0.28800000000000003,0.0072,5.09,19.95,1.26
XRAY,Dentsply Sirona Inc,Healthcare,0.1067,0.0858,-0.1666,-0.2636,0.40204263459360007,1.76,0.31,4017000000.0,0.0,0.064,-7.34,23.11,0.35
DVN,Devon Energy Corp,Energy,0.0397,-0.0323,0.08789999999999999,0.2618,-0.029508799828199997,1.48,0.65,14477000000.0,-0.17629999999999998,-0.1067,4.06,19.0,0.28
FANG,Diamondback Energy Inc,Energy,0.5296,-0.3465,0.0765,0.1207,-1.6944155197199997,1.1,0.39,1944000000.0,0.3552,0.3446,6.59,36.16,0
DLR,Digital Realty Trust Inc,Real Estate,0.1931,0.4586,0.0127,0.0302,0.033964637836400004,0.34,1.05,3000000000.0,0.0337,0.1396,1.32,42.55,3.96
DFS,Discover Financial Services,Financial Services,0,0.5534,0.0233,0.22460000000000002,0.0,0,2.58,10516000000.0,-0.0332,0.0518,6.77,31.11,1.45
DISCA,Discovery Inc Class A,Consumer Cyclical,0.2407,0.2051,-0.0292,-0.1182,0.1703892058008,1.01,1.95,9608000000.0,0.0,0.031400000000000004,-1.52,15.5,0
DISCK,Discovery Inc C,Consumer Cyclical,0.2407,0.2051,-0.0292,-0.1182,0.1703892058008,1.01,1.95,9608000000.0,0.0,0.031400000000000004,-1.52,15.5,0
DISH,DISH Network Corp Class A,Communication Services,0.15,0.08900000000000001,0.08800000000000001,0.3803,0.44677644000000016,0.62,1.67,13798000000.0,0.26940000000000003,-0.0058,5.0,17.63,0
DG,Dollar General Corp,Consumer Defensive,0.0837,0.0583,0.1426,0.3006,0.2091715017876,1.55,0.46,25105000000.0,0.1007,0.0747,6.75,24.18,1.13
DLTR,Dollar Tree Inc,Consumer Defensive,0.08439999999999999,0.0506,0.1085,0.0,0.0,2.22,0,22979000000.0,0.22579999999999997,0.2464,7.37,0,0
D,Dominion Energy Inc,Utilities,0.2961,0.0072,0.0404,0.1795,0.015460257455999995,0.61,1.74,13215000000.0,0.318,-0.0079,4.83,23.79,3.27
DOV,Dover Corp,Industrials,0.11539999999999999,0.0684,0.0765,0.2065,0.12469338125999999,1.3,1.09,7945000000.0,0.0001,-0.0069,4.67,18.78,1.89
DWDP,DowDuPont Inc,Basic Materials,0.08460000000000001,0.0814,0.0109,0.0208,0.0015612936767999998,1.64,0.28,85944000000.0,-0.2712,0.019299999999999998,0.33,42.75,1.52
DTE,DTE Energy Co,Utilities,0.1188,0.011399999999999999,0.0355,0.124,0.005961716639999998,1.47,1.33,13733000000.0,0.0781,0.008199999999999999,6.73,56.11,3.53
DRE,Duke Realty Corp,Real Estate,0.2299,-0.1263,0.0667,0.1075,-0.20819803199249998,2.69,0.56,893000000.0,0.0,-0.1247,1.41,13.04,0.8
DUK,Duke Energy Corp,Utilities,0.2341,-0.0678,0.0208,0.0687,-0.022680424540799996,0.68,1.17,24205000000.0,0.1159,-0.005,4.11,60.31,3.6
DXC,DXC Technology Co,Technology,0.1215,0.0745,0.059800000000000006,0.15710000000000002,0.08503738951500002,1.04,0.47,24162000000.0,0.0,0.10369999999999999,6.42,41.05,0.74
ETFC,E*TRADE Financial Corp,Financial Services,0,0.8281000000000001,0.013999999999999999,0.1419,0.0,0,0.23,2775000000.0,0.0,0.0659,3.3,23.9,0
EMN,Eastman Chemical Co,Basic Materials,0.1609,0.08449999999999999,0.0949,0.2809,0.36243547923049985,1.69,1.0,10137000000.0,0.226,0.0008,10.65,42.29,2.24
ETN,Eaton Corp PLC,Industrials,0.1324,0.1,0.0668,0.1288,0.11391484159999998,1.49,0.4,21363000000.0,0.1852,-0.032799999999999996,4.89,38.66,2.58
EBAY,eBay Inc,Consumer Cyclical,0.2158,0.1664,-0.0335,-0.0911,0.109589247872,1.74,1.11,10216000000.0,0.0,-0.1885,-0.65,7.2,0
ECL,Ecolab Inc,Basic Materials,0.1447,0.0816,0.08039999999999999,0.2113,0.20059228967039996,1.34,0.8,14559000000.0,0.0784,-0.0104,5.46,27.45,1.64
EIX,Edison International,Utilities,0.1759,-0.10859999999999999,0.0086,0.0377,-0.006193490362799999,0.72,1.21,12868000000.0,-0.2949,-0.0279,1.41,37.13,2.42
EW,Edwards Lifesciences Corp,Healthcare,0.2811,0.2084,0.1245,0.2184,1.5928707805920002,2.31,0.18,3633000000.0,-0.1039,0.1258,3.33,16.08,0
EA,Electronic Arts Inc,Technology,0.2501,0.2616,0.1184,0.1997,1.5469675315968,3.52,0.19,5165000000.0,0.0603,0.044800000000000006,3.12,17.6,0
EMR,Emerson Electric Co,Industrials,0.1661,0.1307,0.11019999999999999,0.2494,0.5966549715676,1.07,0.35,17408000000.0,-0.0667,-0.0793,3.46,14.36,1.94
ETR,Entergy Corp,Utilities,0.11230000000000001,-0.1292,0.0092,0.0509,-0.0067943494448000005,0.64,1.88,11121000000.0,-0.2377,-0.0394,2.35,44.75,3.56
EOG,EOG Resources Inc,Energy,0.3926,0.1041,0.1588,0.3054,1.9820771532432,1.09,0.28,11333000000.0,-0.039599999999999996,-0.1437,8.55,31.97,0.7
EFX,Equifax Inc,Industrials,0.172,0.1306,0.06269999999999999,0.1421,0.20013969914399998,1.19,0.83,3415000000.0,0.1663,0.0925,3.68,26.41,1.56
EQIX,Equinix Inc,Real Estate,0.1963,-0.0195,0.0166,0.046799999999999994,-0.0029737801079999997,1.24,1.54,4962000000.0,0.0,0.18170000000000003,4.01,89.07,8.84
EQR,Equity Residential,Real Estate,0.335,0.44530000000000003,0.0321,0.0649,0.310775827395,0.07,0.87,2556000000.0,-0.0644,-0.018600000000000002,1.8,27.68,2.12
ESS,Essex Property Trust Inc,Real Estate,0.3259,0.5364,0.03,0.059800000000000006,0.3136140914400001,0.78,0.89,1392000000.0,0.2815,0.1206,5.69,95.62,7.33
EL,The Estee Lauder Companies Inc Class A,Consumer Defensive,0.1703,0.1242,0.0955,0.2585,0.522155867805,1.75,0.76,13933000000.0,0.0058,0.060899999999999996,3.15,12.14,1.52
EVRG,Evergy Inc,Utilities,0.2413,0.1261,0.0292,0.0754,0.06699256492239998,0.87,0.63,3671000000.0,0.011200000000000002,-0.0039000000000000003,2.85,0,1.66
ES,Eversource Energy,Utilities,0.21350000000000002,-0.0472,0.0294,0.0928,-0.027493826304,0.59,1.12,8309000000.0,0.0643,0.0004,3.27,36.0,1.99
RE,Everest Re Group Ltd,Financial Services,0,0.0889,0.0433,0.1285,0.0,0,0.03,7450000000.0,-0.2687,0.045,25.7,204.91,5.2
EXC,Exelon Corp,Utilities,0.1148,0.0269,0.0313,0.1259,0.012169261840400002,1.33,1.13,35521000000.0,0.2658,0.0692,3.87,32.08,1.36
EXPE,Expedia Group Inc,Consumer Cyclical,0.0723,0.1051,0.0233,0.09880000000000001,0.0174925804092,0.7,0.85,10983000000.0,-0.0172,0.2007,2.9,29.44,1.22
EXPD,Expeditors International of Washington Inc,Industrials,0.0998,0.0682,0.1893,0.3081,0.3969695803787999,1.99,0,7804000000.0,0.07980000000000001,0.0178,3.38,11.33,0.87
EXR,Extra Space Storage Inc,Real Estate,0.48960000000000004,0.5734,0.0711,0.22940000000000002,4.5789100488576,0.39,1.99,1171000000.0,0.325,0.19519999999999998,4.17,18.94,3.28
XOM,Exxon Mobil Corp,Energy,0.069,0.060899999999999996,0.066,0.1246,0.03455638956,0.83,0.11,276391000000.0,-0.1537,-0.1557,5.44,44.96,3.18
FFIV,F5 Networks Inc,Technology,0.28190000000000004,0.3274,0.1784,0.3608,5.9406659176832015,1.49,0,2161000000.0,0.07519999999999999,0.0403,7.32,21.2,0
FB,Facebook Inc A,Technology,0.47100000000000003,0.3362,0.2274,0.25730000000000003,9.265073369004002,8.99,0,51896000000.0,0.7565000000000001,0.4829,6.64,27.96,0
FAST,Fastenal Co,Industrials,0.2009,0.10189999999999999,0.2413,0.33880000000000005,1.6736122434724001,5.35,0.17,4822000000.0,0.054000000000000006,0.0555,2.56,8.05,1.46
FRT,Federal Realty Investment Trust,Real Estate,0.38670000000000004,0.095,0.0366,0.1091,0.14669104869000002,1.84,1.51,904000000.0,0.138,0.0711,3.13,29.13,4.02
FDX,FedEx Corp,Industrials,0.0786,-0.004699999999999999,0.0959,0.2732,-0.009678759669599999,1.42,0.85,68716000000.0,0.2398,0.08130000000000001,18.36,73.91,2.95
FIS,Fidelity National Information Services Inc,Industrials,0.17739999999999997,0.14880000000000002,0.0642,0.1535,0.260135698464,1.34,0.89,8877000000.0,0.2339,0.09449999999999999,4.6,30.78,1.25
FITB,Fifth Third Bancorp,Financial Services,0,0.3175,0.015,0.1444,0.0,0,1.0,6098000000.0,0.0684,-0.0132,3.05,22.12,0.68
FE,FirstEnergy Corp,Utilities,0.1838,-0.0821,-0.039599999999999996,-0.2492,-0.1489127514336,0.45,2.44,14321000000.0,0.0,-0.023399999999999997,-3.87,13.3,1.44
FRC,First Republic Bank,Financial Services,0,0.4218,0.0084,0.109,0.0,0,1.5,2903000000.0,0.1349,0.14279999999999998,4.62,45.67,0.7
FISV,Fiserv Inc,Industrials,0.2626,0.1913,0.1382,0.5775,4.00931079549,1.01,1.81,5788000000.0,0.1532,0.0398,3.43,6.8,0
FLT,Fleetcor Technologies Inc,Industrials,0.4355,0.3011,0.0695,0.2266,2.065112069735,0.92,0.78,2400000000.0,0.2615,0.2332,8.54,29.0,0
FLIR,FLIR Systems Inc,Technology,0.1889,0.1887,0.0475,0.0698,0.11818242316500001,4.21,0.22,1822000000.0,-0.188,0.0508,0.95,14.03,0.63
FLS,Flowserve Corp,Industrials,0.0602,0.05,-0.0104,-0.029300000000000003,0.0009172072,2.24,0.89,3880000000.0,-0.8277,-0.09119999999999999,-0.38,12.33,0.76
FLR,Fluor Corp,Industrials,0.026600000000000002,-0.009000000000000001,0.0256,0.07429999999999999,-0.00045535795200000003,1.52,0.55,19393000000.0,-0.2791,-0.0668,1.66,21.63,0.84
FMC,FMC Corp,Basic Materials,0.1815,0.0653,0.1291,0.3865,0.5913785269424999,1.53,0.85,4488000000.0,0.0518,-0.1067,7.4,22.62,0.66
FL,Foot Locker Inc,Consumer Cyclical,0.0915,0.0655,0.0892,0.1308,0.06992540532000001,3.42,0.05,7877000000.0,-0.1826,0.0286,2.95,21.71,1.34
F,Ford Motor Co,Consumer Cyclical,0.0248,0.0565,0.0242,0.1771,0.006005290984,1.11,2.56,159871000000.0,0.060599999999999994,0.0286,1.55,9.2,0.6
FTNT,Fortinet Inc,Technology,0.11,0.32799999999999996,0.046799999999999994,0.13449999999999998,0.22710916799999994,1.86,0,1711000000.0,-0.1402,0.2288,0.7,5.23,0
FTV,Fortive Corp,Technology,0.19269999999999998,0.1686,0.0967,0.2409,0.7568373545765998,0.98,0.55,7244000000.0,0.0574,0.0165,3.16,17.46,0.28
FBHS,Fortune Brands Home & Security Inc,Consumer Cyclical,0.1242,0.07629999999999999,0.0751,0.18109999999999998,0.12888563664059996,1.3,0.89,5446000000.0,0.31829999999999997,0.0803,2.89,15.78,0.78
BEN,Franklin Resources Inc,Financial Services,0.3353,0.336,0.046799999999999994,0.0663,0.349568436672,5.58,0.07,6319000000.0,-0.2785,-0.0736,1.39,19.32,0.92
FCX,Freeport-McMoRan Inc,Basic Materials,0.2862,0.1864,0.084,0.3722,1.667904545664,2.84,1.11,19985000000.0,-0.09789999999999999,-0.08539999999999999,2.17,6.89,0.1
GPS,Gap Inc,Consumer Cyclical,0.0828,0.034,0.11599999999999999,0.2884,0.09418082687999998,1.97,0.36,16735000000.0,-0.1241,-0.011899999999999999,2.38,9.02,0.96
GRMN,Garmin Ltd,Technology,0.22089999999999999,0.2186,0.1274,0.1666,1.0249207803015998,2.81,0,3278000000.0,0.0508,0.0245,3.34,20.93,2.08
IT,Gartner Inc A,Technology,0.0784,0.08929999999999999,0.0225,0.16149999999999998,0.02544031979999999,0.66,2.21,3901000000.0,-0.7387,0.1543,1.65,10.36,0
GD,General Dynamics Corp,Industrials,0.1241,0.0726,0.075,0.2526,0.17068800869999998,1.27,0.89,34092000000.0,0.0,-0.0034999999999999996,10.23,43.07,3.63
GE,General Electric Co,Industrials,0.0425,-0.0049,-0.0919,-0.5893999999999999,-0.011280040344999997,1.66,3.17,122165000000.0,0.0,-0.0659,-3.65,3.62,0.48
GIS,General Mills Inc,Consumer Defensive,0.16649999999999998,0.12619999999999998,0.07730000000000001,0.3734,0.6064952449859998,0.58,1.84,16278000000.0,0.0281,-0.0371,3.43,11.15,1.96
GM,General Motors Co,Consumer Cyclical,0.049,-0.0681,0.0033,0.018600000000000002,-0.000204818922,0.89,1.88,146365000000.0,0.0,-0.0226,0.63,26.97,1.52
GPC,Genuine Parts Co,Consumer Cyclical,0.059500000000000004,0.0571,0.0661,0.2095,0.04704771772750001,1.33,0.68,18338000000.0,-0.0464,0.0206,4.97,24.61,2.83
GILD,Gilead Sciences Inc,Healthcare,0.41950000000000004,0.35509999999999997,0.0246,0.0665,0.24369094375500003,3.45,1.07,22281000000.0,-0.2741,0.016,1.22,17.67,2.23
GPN,Global Payments Inc,Industrials,0.20329999999999998,0.1729,0.047400000000000005,0.1649,0.27474599426819996,1.03,1.18,3540000000.0,0.1773,0.11130000000000001,3.9,25.12,0.04
GS,Goldman Sachs Group Inc,Financial Services,0,-0.3306,0.005699999999999999,0.0716,-0.0,0,3.39,33152000000.0,-0.20329999999999998,-0.026699999999999998,14.11,241.95,3.1
GT,Goodyear Tire & Rubber Co,Consumer Cyclical,0.0759,0.030299999999999997,0.0275,0.10060000000000001,0.006362313704999999,1.34,1.17,15670000000.0,-0.4794,-0.0604,2.06,20.6,0.56
GWW,W.W. Grainger Inc,Industrials,0.1007,0.0779,0.1222,0.3876,0.3715539669816,2.44,1.11,11091000000.0,-0.0993,0.0152,12.67,34.41,5.28
HAL,Halliburton Co,Energy,0.12,0.0584,0.006500000000000001,0.0184,0.0008381568,2.31,1.16,23999000000.0,0.0,-0.14400000000000002,0.18,10.27,0.72
HBI,Hanesbrands Inc,Consumer Cyclical,0.1131,0.056299999999999996,0.0009,0.006500000000000001,3.7250050500000006e-05,1.84,4.44,6681000000.0,-0.46509999999999996,0.0672,0.04,2.41,0.6
HOG,Harley-Davidson Inc,Consumer Cyclical,0.15380000000000002,0.1666,0.0524,0.26899999999999996,0.361172686448,1.08,1.95,5800000000.0,-0.1483,-0.0321,3.24,13.22,1.48
HRS,Harris Corp,Technology,0.1825,0.09960000000000001,0.07719999999999999,0.24780000000000002,0.34772891832,1.17,1.05,6314000000.0,0.29059999999999997,0.0388,6.38,27.02,2.4
HIG,The Hartford Financial Services Group Inc,Financial Services,0,0.12359999999999999,-0.0146,-0.1396,0.0,0,0.33,18721000000.0,0.0,-0.08460000000000001,-5.73,35.48,1.05
HAS,Hasbro Inc,Consumer Cyclical,0.13470000000000001,0.11720000000000001,0.0374,0.1074,0.06341194743840002,2.42,0.9,4787000000.0,-0.015700000000000002,0.0496,1.63,14.92,2.4
HCA,HCA Healthcare Inc,Healthcare,0.1419,0.0635,0.0867,0,0.0,1.61,0,45965000000.0,0.057300000000000004,0.0571,8.96,-16.29,0
HCP,HCP Inc,Real Estate,0.21719999999999998,0.41119999999999995,0.0125,0.0319,0.03561341519999999,1.41,1.34,1780000000.0,-0.23420000000000002,0.0437,0.36,10.62,1.48
HP,Helmerich & Payne Inc,Energy,0.0129,0.0313,0.0756,0.1119,0.0034157488428,2.96,0.11,2487000000.0,-0.08109999999999999,-0.07719999999999999,4.37,40.19,2.81
HSIC,Henry Schein Inc,Healthcare,0.0666,0.041100000000000005,0.049699999999999994,0.1318,0.017930312139600002,1.3,0.34,13145000000.0,-0.0447,0.06309999999999999,2.58,19.5,0
HSY,The Hershey Co,Consumer Defensive,0.19829999999999998,0.1507,0.1515,0.993,4.495705434495,1.01,2.63,7743000000.0,-0.0258,0.0042,4.84,5.89,2.69
HES,Hess Corp,Energy,0.0098,-0.0925,-0.1249,-0.2635,-0.029833957475,2.3,0.68,6336000000.0,0.0,-0.32030000000000003,-9.61,32.57,1.0
HPE,Hewlett Packard Enterprise Co,Technology,0.0335,0.0003,0.0326,0.08539999999999999,2.7979601999999994e-05,1.0,0.48,30852000000.0,-0.08130000000000001,-0.1603,1.23,15.19,0.38
HLT,Hilton Worldwide Holdings Inc,Consumer Cyclical,0.1618,0.1112,0.1018,1.429,2.6173590979520003,0.84,13.17,9695000000.0,0.2322,-0.0452,4.53,1.94,0.6
HFC,HollyFrontier Corp,Energy,0.0857,0.057999999999999996,0.1359,0.2708,0.18292662943199997,2.5,0.4,17363000000.0,-0.14150000000000001,-0.1033,8.29,34.7,1.32
HOLX,Hologic Inc,Healthcare,0.15789999999999998,0.1949,-0.0146,-0.042699999999999995,0.019185569708199995,1.23,1.12,3218000000.0,0.0,0.0524,-0.4,8.39,0
HD,The Home Depot Inc,Consumer Cyclical,0.14529999999999998,0.09539999999999998,0.23399999999999999,5.465199999999999,17.727026996015994,1.09,17.68,105595000000.0,0.10800000000000001,0.061799999999999994,9.16,1.17,3.98
HON,Honeywell International Inc,Industrials,0.17559999999999998,0.1423,0.0444,0.1341,0.1487788370352,1.49,0.77,42916000000.0,-0.2691,0.0019,3.55,24.62,2.98
HRL,Hormel Foods Corp,Consumer Defensive,0.12119999999999999,0.08929999999999999,0.13390000000000002,0.19210000000000002,0.27839537792040003,1.8,0.11,9546000000.0,0.1384,0.01,1.86,10.48,0.75
HST,Host Hotels & Resorts Inc,Real Estate,0.0864,0.16620000000000001,0.0732,0.1217,0.12792234769920002,7.13,0.56,5507000000.0,-0.0832,0.0021,1.18,9.87,0.8
HPQ,HP Inc,Technology,0.0739,0.0681,0.1578,0.0,0.0,0.85,0,58472000000.0,0.008199999999999999,-0.1729,3.26,-0.41,0.56
HUM,Humana Inc,Healthcare,0,-0.0177,0.05,0.1387,-0.0,0,0.45,55933000000.0,0.1491,0.035,10.95,77.22,1.9
HBAN,Huntington Bancshares Inc,Financial Services,0,0.42200000000000004,0.0137,0.14679999999999999,0.0,0,0.96,4457000000.0,0.1309,0.0894,1.27,9.16,0.47
HII,Huntington Ingalls Industries Inc,Industrials,0.11779999999999999,0.0317,0.1112,0.389,0.16153213796799998,1.14,0.7,7973000000.0,0.1232,0.021,13.55,42.49,2.76
IDXX,IDEXX Laboratories Inc,Healthcare,0.2183,0.1292,0.2051,0.0,0.0,0.93,0,2170000000.0,0.081,0.0877,3.72,-0.02,0
INFO,IHS Markit Ltd,Industrials,0.19519999999999998,0.2414,0.0375,0.0726,0.1282876848,0.43,0.62,3886000000.0,0.2139,0.1729,1.38,20.02,0
ITW,Illinois Tool Works Inc,Industrials,0.2415,0.1577,0.1189,0.439,1.987903064805,1.62,1.71,14817000000.0,-0.1696,-0.044000000000000004,5.56,10.68,3.34
ILMN,Illumina Inc,Healthcare,0.2825,0.2556,0.1159,0.2152,1.80096388776,2.48,0.25,3243000000.0,0.2713,0.1392,4.62,23.83,0
IR,Ingersoll-Rand PLC,Industrials,0.1207,0.0796,0.0857,0.2192,0.1804852475968,1.41,0.51,15391000000.0,0.0504,0.0023,6.13,29.75,1.88
INTC,Intel Corp,Technology,0.32549999999999996,0.20809999999999998,0.1188,0.213,1.7140327558199995,1.51,0.35,69244000000.0,-0.0639,0.0331,3.22,15.66,1.17
ICE,Intercontinental Exchange Inc,Financial Services,0.4213,0.35350000000000004,0.031200000000000002,0.1583,0.7355570902680001,1.0,0.39,6031000000.0,0.3544,0.1139,4.43,29.55,0.92
IBM,International Business Machines Corp,Technology,0.1502,0.1585,0.047,0.2904,0.32493288696,1.31,1.82,80373000000.0,-0.21780000000000002,-0.0541,6.27,21.77,6.14
INCY,Incyte Corp,Healthcare,-0.0318,0.0499,-0.0446,-0.0613,-0.004338334143600001,4.02,0.01,1798000000.0,0,0.38909999999999995,-0.53,8.47,0
IP,International Paper Co,Consumer Cyclical,0.10369999999999999,0.0802,0.0934,0.528,0.41014169644799986,1.59,1.52,23066000000.0,0.2198,-0.0482,7.57,17.38,1.9
IPG,The Interpublic Group of Companies Inc,Consumer Cyclical,0.1217,0.0653,0.0452,0.27440000000000003,0.0985658113888,1.24,1.53,8283000000.0,0.0533,0.015,1.45,5.56,0.81
IFF,International Flavors & Fragrances Inc,Basic Materials,0.1791,0.0662,0.04019999999999999,0.09820000000000001,0.0468048778488,9.16,1.07,3613000000.0,-0.1065,0.032400000000000005,3.54,37.82,2.8
INTU,Intuit Inc,Technology,0.2507,0.3193,0.2774,0.6258,13.8961747865892,1.41,0.13,6070000000.0,0.07139999999999999,0.0741,4.78,10.72,1.64
ISRG,Intuitive Surgical Inc,Healthcare,0.3337,0.281,0.1223,0.1411,1.618139641141,6.05,0,3560000000.0,0.001,0.0751,6.65,55.0,0
IVZ,Invesco Ltd,Financial Services,0.242,0.2139,0.0363,0.1319,0.24784352148599997,1.13,0.85,5434000000.0,0.0449,0.0009,2.85,21.85,1.18
IPGP,IPG Photonics Corp,Technology,0.38439999999999996,0.153,0.15869999999999998,0.1832,1.7099255666879996,8.63,0.02,1491000000.0,0.1911,0.2016,6.93,41.31,0
IQV,IQVIA Holdings Inc,Healthcare,0.07980000000000001,0.0629,0.0556,0.1725,0.04814125722,1.09,1.46,10282000000.0,0.49119999999999997,0.1489,5.68,36.43,0
IRM,Iron Mountain Inc,Industrials,0.1937,0.08039999999999999,0.0207,0.1198,0.038620050112799995,0.97,4.19,4156000000.0,-0.174,0.050499999999999996,0.8,6.77,2.35
JKHY,Jack Henry & Associates Inc,Industrials,0.2541,0.1582,0.2054,0.32689999999999997,2.6991467915411995,1.09,0,1568000000.0,0.1635,0.0635,5.07,17.7,1.42
JEC,Jacobs Engineering Group Inc,Industrials,0.0432,0.0258,0.016200000000000003,0.0316,0.0005705655552000002,1.45,0.37,14985000000.0,-0.18600000000000003,0.048600000000000004,1.17,41.13,0.75
JBHT,JB Hunt Transport Services Inc,Industrials,0.085,0.015600000000000001,0.17920000000000003,0.4426,0.10517025792000002,1.11,0.39,8287000000.0,0.172,0.0526,7.1,19.05,0.95
JEF,Jefferies Financial Group Inc,Financial Services,0.07519999999999999,-0.015300000000000001,0.0159,0.0728,-0.0013317962111999999,1.52,0.87,11373000000.0,-0.27449999999999997,-0.0015,2.19,34.54,0.42
SJM,JM Smucker Co,Consumer Defensive,0.1636,0.1128,0.081,0.17679999999999998,0.2642771888639999,1.25,0.73,7609000000.0,0.1972,0.0452,11.78,70.59,3.19
JNJ,Johnson & Johnson,Healthcare,0.2322,0.22699999999999998,0.009899999999999999,0.0223,0.011636654237999998,1.72,0.46,81382000000.0,-0.5698,0.009399999999999999,0.59,24.1,3.48
JCI,Johnson Controls International PLC,Industrials,0.1073,0.0472,0.0429,0.1039,0.022574313933600005,1.05,0.46,31400000000.0,0.1142,-0.059800000000000006,2.32,22.9,1.04
JPM,JPMorgan Chase & Co,Financial Services,0,0.3259,0.0108,0.1202,0.0,0,1.17,106296000000.0,0.027999999999999997,0.0053,8.09,70.35,2.48
JNPR,Juniper Networks Inc,Technology,0.131,0.1482,0.024,0.0462,0.02152646496,2.47,0.38,4706000000.0,0.0,0.027999999999999997,0.67,13.47,0.64
KSU,Kansas City Southern,Industrials,0.3575,0.1367,0.11,0.23,1.2364173250000001,1.32,0.56,2680000000.0,0.2059,0.0008,9.83,46.86,1.44
K,Kellogg Co,Consumer Defensive,0.1726,0.1384,0.1097,0.7445,1.950959307736,0.84,2.86,13484000000.0,0.0572,-0.0394,5.31,8.78,2.18
KEY,KeyCorp,Financial Services,0,0.22649999999999998,0.011000000000000001,0.10880000000000001,0.0,0,1.01,6186000000.0,0.086,0.08470000000000001,1.43,13.87,0.5
KEYS,Keysight Technologies Inc,Technology,0.09359999999999999,0.1091,0.0281,0.0696,0.0199717517376,1.63,0.53,3878000000.0,-0.3148,0.060700000000000004,0.86,12.97,0
KMB,Kimberly-Clark Corp,Consumer Defensive,0.128,0.1155,0.1091,0.0,0.0,0.75,0,18431000000.0,0.0542,-0.0282,4.59,-0.38,3.97
KIM,Kimco Realty Corp,Real Estate,0.365,0.5324,0.038,0.0818,0.6040429383999999,2.76,0.91,1196000000.0,0.0016,0.0542,1.02,12.76,1.12
KMI,Kinder Morgan Inc P,Energy,0.2589,0.1076,-0.0007000000000000001,-0.0015,2.9250522000000008e-05,1.05,1.05,13995000000.0,-0.4371,-0.0547,-0.02,15.26,0.65
KLAC,KLA-Tencor Corp,Technology,0.38909999999999995,0.2796,0.1618,0.6052000000000001,10.653095848809603,3.45,1.43,4160000000.0,0.08109999999999999,0.0726,5.86,10.24,2.68
KSS,Kohl's Corp,Consumer Cyclical,0.0764,0.08529999999999999,0.0712,0.1902,0.08825369470079998,1.58,0.7,19474000000.0,-0.027200000000000002,-0.0019,5.99,33.02,2.38
KHC,The Kraft Heinz Co,Consumer Defensive,0.2291,0.021099999999999997,0.0866,0.1673,0.07003600700179999,1.0,0.47,26359000000.0,0.4628,0.0742,8.45,53.62,2.5
KR,The Kroger Co,Consumer Defensive,0.0181,0.009399999999999999,0.0981,0.5311,0.0088644488274,0.73,1.52,124102000000.0,0.0334,0.04190000000000001,4.37,9.59,0.52
LB,L Brands Inc,Consumer Cyclical,0.10769999999999999,0.0463,0.09820000000000001,0.0,0.0,1.37,0,13208000000.0,-0.0192,0.0332,2.68,-4.77,2.4
LLL,L3 Technologies Inc,Industrials,0.1057,0.0545,0.0833,0.2009,0.0964043049305,1.96,0.6,10047000000.0,-0.0352,-0.0757,13.44,71.69,3.15
LH,Laboratory Corp of America Holdings,Healthcare,0.127,0.0868,0.0872,0.2175,0.2090735976,1.55,0.83,11424000000.0,0.1681,0.1298,14.06,71.83,0
LRCX,Lam Research Corp,Technology,0.2847,0.2057,0.1989,0.369,4.298163265538999,2.66,0.35,10930000000.0,0.5371,0.2521,13.19,34.3,3.2
LW,Lamb Weston Holdings Inc,Consumer Defensive,0.1744,0.08109999999999999,0.1634,0.0,0.0,1.63,0,3608000000.0,0,0,3.21,-1.14,0.77
LEG,Leggett & Platt Inc,Consumer Cyclical,0.10640000000000001,0.0642,0.0842,0.24739999999999998,0.14229460775039998,2.12,1.16,4207000000.0,0.0335,0.011699999999999999,2.14,8.94,1.48
LEN,Lennar Corp,Consumer Cyclical,0.0919,0.0722,0.053,0.111,0.039034763939999995,14.79,0.76,17898000000.0,0.036000000000000004,0.17579999999999998,4.23,42.48,0.16
LLY,Eli Lilly and Co,Healthcare,0.2518,0.1207,0.0103,0.0322,0.0100798969516,1.91,0.89,24277000000.0,0.0,0.0024,0.47,12.34,2.21
LNC,Lincoln National Corp,Financial Services,0,0.0779,0.0070999999999999995,0.1311,0.0,0,0.39,15562000000.0,0.09630000000000001,0.017,9.23,70.55,0.99
LIN,Linde PLC,Basic Materials,0.2286,0.1487,0.0712,0.23,0.5566664203200001,0.86,1.06,12037000000.0,-0.0971,-0.0232,4.93,11.17,3.26
LKQ,LKQ Corp,Consumer Cyclical,0.08130000000000001,0.0331,0.0556,0.128,0.019151522304,2.65,0.88,11344000000.0,0.1184,0.1305,1.8,15.21,0
LMT,Lockheed Martin Corp,Industrials,0.12179999999999999,0.0204,0.0654,2.0309,0.3300226472592,1.11,14.3,54283000000.0,-0.1787,0.0159,10.81,3.32,8.0
L,Loews Corp,Financial Services,0,0.21960000000000002,0.016200000000000003,0.0675,0.0,0,0.6,14334000000.0,0.1543,-0.0139,3.92,60.32,0.25
LOW,Lowe's Companies Inc,Consumer Cyclical,0.0799,0.0746,0.1002,0.6611,0.3948394019988001,1.0,2.68,71156000000.0,0.0851,0.0632,4.5,6.72,1.78
LYB,LyondellBasell Industries NV,Basic Materials,0.1472,0.098,0.2182,0.6408,2.017024321536,1.82,0.68,39263000000.0,0.053399999999999996,-0.08900000000000001,14.95,28.79,3.9
MTB,M&T Bank Corp,Financial Services,0,0.373,0.013600000000000001,0.1101,0.0,0,0.64,5844000000.0,0.0647,0.0571,11.01,102.71,3.3
MAC,Macerich Co,Real Estate,0.2137,0.3439,0.0086,0.0236,0.0149158206328,0.96,1.73,970000000.0,-0.5398,-0.0349,0.57,21.58,2.96
M,Macy's Inc,Consumer Cyclical,0.0675,0.0433,0.0836,0.3427,0.08373596912999999,1.34,0.97,25086000000.0,0.0046,-0.0404,5.51,18.43,1.51
MRO,Marathon Oil Corp,Energy,0.1616,0.04,0.030299999999999997,0.056900000000000006,0.011144388479999998,1.43,0.46,5428000000.0,0.0,-0.2612,0.8,14.49,0.2
MPC,Marathon Petroleum Corp,Energy,0.05,0.0358,0.077,0.2736,0.037710288,1.65,1.21,85226000000.0,0.0063,-0.0858,7.89,21.95,1.78
MAR,Marriott International Inc Class A,Consumer Cyclical,0.0958,0.0768,0.0632,0.44409999999999994,0.20650215137279998,0.46,3.75,23094000000.0,0.1916,0.14150000000000001,4.28,6.81,1.48
MMC,Marsh & McLennan Companies Inc,Financial Services,0.2018,0.1185,0.0748,0.21050000000000002,0.37652447382000004,1.26,0.74,14923000000.0,0.0060999999999999995,0.0269,2.99,14.8,1.17
MLM,Martin Marietta Materials Inc,Basic Materials,0.1777,0.0757,0.0876,0.162,0.190898461368,1.88,0.57,4195000000.0,0.5322,0.1027,11.88,78.76,1.8
MAS,Masco Corp,Basic Materials,0.1386,0.08789999999999999,0.1107,0.0,0.0,1.71,82.53,8173000000.0,-0.1461,-0.0356,1.98,0.12,0.42
MA,Mastercard Inc A,Financial Services,0.5483,0.42210000000000003,0.23440000000000003,0.8491,46.06276951296721,1.55,1.01,14455000000.0,0.026699999999999998,0.0967,4.95,5.59,1.0
MAT,Mattel Inc,Consumer Cyclical,-0.1301,-0.0418,-0.1416,-0.7855,0.6048713592239998,1.7,4.28,4597000000.0,0.0,-0.0677,-2.4,1.93,0
MKC,McCormick & Co Inc Non-Voting,Consumer Defensive,0.17350000000000002,0.1323,0.0867,0.3184,0.6336529773840002,0.79,1.38,5401000000.0,0.0292,0.0379,6.76,23.56,2.03
MXIM,Maxim Integrated Products Inc,Technology,0.3515,0.2899,0.11230000000000001,0.2483,2.8413845883865,3.57,0.52,2543000000.0,0.0054,0.0031,1.8,6.9,1.66
MCD,McDonald's Corp,Consumer Cyclical,0.4031,0.1913,0.1564,0.0,0.0,1.53,0,21202000000.0,-0.0102,-0.0596,6.61,-8.81,4.04
MCK,McKesson Corp,Healthcare,0.0141,0.013000000000000001,0.0019,0.0115,4.005105e-06,0.99,0.7,210927000000.0,-0.6433,0.0518,0.65,47.73,1.41
MDT,Medtronic PLC,Healthcare,0.2211,0.16010000000000002,0.0248,0.0447,0.0392409288216,2.56,0.48,30378000000.0,-0.0219,0.12539999999999998,1.67,36.94,1.92
MRK,Merck & Co Inc,Healthcare,0.20679999999999998,0.2143,0.0379,0.0947,0.15906033560119998,1.44,0.61,41729000000.0,-0.4144,-0.0322,1.25,12.47,1.92
MET,MetLife Inc,Financial Services,0,0.1833,0.0074,0.0968,0.0,0,0.32,68119000000.0,-0.1402,-0.0528,5.02,52.31,1.64
MTD,Mettler-Toledo International Inc,Healthcare,0.22949999999999998,0.1358,0.1616,0.7818999999999999,3.937993812143999,1.39,1.86,2896000000.0,0.0359,0.0308,15.74,21.23,0
MGM,MGM Resorts International,Consumer Cyclical,0.1243,0.0356,0.06269999999999999,0.2833,0.07860229778279998,0.74,2.16,11284000000.0,0,0.022400000000000003,3.24,12.85,0.47
MCHP,Microchip Technology Inc,Technology,0.2661,0.2646,0.0021,0.0064,0.0009463112063999999,1.04,1.85,4641000000.0,-0.11539999999999999,0.2027,0.07,21.86,1.45
MU,Micron Technology Inc,Technology,0.49570000000000003,0.2841,0.3607,0.5231,26.57180244916291,2.9,0.11,31501000000.0,0.6404000000000001,0.2335,12.13,30.21,0
MSFT,Microsoft Corp,Technology,0.3247,0.2785,0.07429999999999999,0.2143,1.4398540520854997,2.92,0.81,114906000000.0,-0.053899999999999997,0.0565,2.43,11.2,1.68
MAA,Mid-America Apartment Communities Inc,Real Estate,0.2556,0.4512,0.0245,0.0449,0.126865158336,0.12,0.73,1556000000.0,0.2556,0.1562,2.48,54.53,3.64
MHK,Mohawk Industries Inc,Consumer Cyclical,0.12369999999999999,0.0323,0.0702,0.1215,0.034078903443,1.54,0.2,9904000000.0,0.2224,0.0674,11.63,101.94,0
TAP,Molson Coors Brewing Co B,Consumer Defensive,0.141,0.1727,0.0533,0.12369999999999999,0.16054927874699998,0.64,0.65,10931000000.0,0.2613,0.22949999999999998,7.52,64.25,1.64
MDLZ,Mondelez International Inc Class A,Consumer Defensive,0.14300000000000002,0.0987,0.0526,0.13,0.09651221580000002,0.56,0.58,26131000000.0,-0.0070999999999999995,-0.0889,2.24,17.51,0.92
MNST,Monster Beverage Corp,Consumer Defensive,0.3369,0.2552,0.19940000000000002,0.2494,4.2756611940768,3.28,0,3693000000.0,0.19269999999999998,0.1033,1.68,7.04,0
MCO,Moody's Corporation,Financial Services,0.4263,0.3074,0.12960000000000002,0.0,0.0,1.38,11.21,4548000000.0,0.004,0.0803,5.58,2.09,1.7
MS,Morgan Stanley,Financial Services,0,0.4316,0.0085,0.1043,0.0,0,2.71,38727000000.0,0.20800000000000002,0.0336,4.2,40.8,1.05
MOS,The Mosaic Co,Basic Materials,0.08710000000000001,0.08470000000000001,-0.0038,-0.0070999999999999995,0.00019904144260000003,1.67,0.43,9159000000.0,0.0,-0.0699,-0.3,27.09,0.1
MSI,Motorola Solutions Inc,Technology,0.18719999999999998,0.1242,-0.0034999999999999996,0.0,-0.0,1.19,0,7046000000.0,0.0,-0.0601,-0.26,-8.63,2.08
MSCI,MSCI Inc,Financial Services,0.47659999999999997,0.3809,0.1208,1.138,24.955955756575996,2.75,6.8,1407000000.0,0.022799999999999997,0.0604,4.57,4.3,1.72
MYL,Mylan NV,Healthcare,0.0909,0.08869999999999999,0.0158,0.043,0.005477886701999999,1.26,1.1,11594000000.0,-0.0919,0.11869999999999999,1.04,23.4,0
NDAQ,Nasdaq Inc,Financial Services,0.2554,0.2045,0.050300000000000004,0.1328,0.348883367312,0.94,0.55,4177000000.0,0.1583,0.0425,4.47,34.17,1.64
NOV,National Oilwell Varco Inc,Energy,0.0016,0.04769999999999999,-0.0028000000000000004,-0.0040999999999999995,8.761536e-07,3.17,0.19,8024000000.0,0.0,-0.3016,-0.15,36.27,0.2
NKTR,Nektar Therapeutics Inc,Healthcare,0.6247,0.5984,0.5268,0.7957,156.69610998708484,13.93,0.14,1249000000.0,0,0.1531,4.13,10.34,0
NTAP,NetApp Inc,Technology,0.18,0.1975,0.0313,0.13699999999999998,0.152441955,1.65,0.75,6166000000.0,-0.4861,-0.0137,1.14,6.07,1.2
NFLX,Netflix Inc,Consumer Cyclical,0.10980000000000001,-0.1382,0.0626,0.3029,-0.28772923411440005,1.39,1.66,14893000000.0,0.2796,0.265,2.8,12.01,0
NWL,Newell Brands Inc,Consumer Defensive,0.10060000000000001,0.0537,-0.1945,-0.5845,0.614152731255,2.98,1.55,13970000000.0,0.4694,0.2009,4.24,12.84,0.92
NFX,Newfield Exploration Co,Energy,0.40740000000000004,-0.0815,0.10060000000000001,0.33039999999999997,-1.1036126065440002,0.72,1.3,2479000000.0,-0.22010000000000002,-0.0825,2.61,9.31,0
NEM,Newmont Mining Corp,Basic Materials,0.1625,0.1366,-0.009000000000000001,-0.0172,0.0034361730000000003,4.7,0.39,7109000000.0,0.0,-0.057300000000000004,-0.35,19.89,0.49
NWSA,News Corp A,Consumer Cyclical,0.0679,0.0463,-0.0958,-0.147,0.044272455402000005,1.26,0.13,9490000000.0,0.0,0.003,-2.55,15.84,0.2
NWS,News Corp B,Consumer Cyclical,0.0679,0.0463,-0.0958,-0.147,0.044272455402000005,1.26,0.13,9490000000.0,0.0,0.003,-2.55,15.84,0.2
NEE,NextEra Energy Inc,Utilities,0.2475,0.0208,0.0858,0.27649999999999997,0.12212960759999998,0.65,0.79,16361000000.0,0.2299,0.0034000000000000002,17.58,71.67,4.31
NLSN,Nielsen Holdings PLC,Industrials,0.1815,0.0721,0.019299999999999998,0.0776,0.019598865131999998,1.14,2.07,6618000000.0,0.037599999999999995,0.0148,0.89,11.32,1.38
NKE,Nike Inc B,Consumer Cyclical,0.1241,0.124,0.0922,0.2104,0.298517724992,2.14,0.4,38095000000.0,-0.161,0.059500000000000004,1.33,5.55,0.82
NI,NiSource Inc,Utilities,0.0984,-0.1472,-0.0049,-0.0217,-0.0015401347584000002,0.4,1.52,5021000000.0,-0.3764,-0.0901,-0.29,12.58,0.76
NBL,Noble Energy Inc,Energy,0.18359999999999999,-0.203,0.0572,0.1264,-0.269470865664,0.81,0.64,4794000000.0,0.0,-0.06269999999999999,2.65,21.56,0.42
JWN,Nordstrom Inc,Consumer Cyclical,0.053200000000000004,0.051100000000000007,0.0553,0.45409999999999995,0.06826674023960001,1.12,2.23,16079000000.0,-0.1533,0.04650000000000001,2.74,7.19,1.48
NSC,Norfolk Southern Corp,Industrials,0.3527,0.1726,0.16579999999999998,0.4203,4.242190501954799,0.86,0.69,11231000000.0,0.2531,-0.0318,20.63,56.84,2.85
NTRS,Northern Trust Corp,Financial Services,0,0.33130000000000004,0.011000000000000001,0.1553,0.0,0,1.17,5161000000.0,0.1177,0.0693,6.35,42.83,1.81
NOC,Northrop Grumman Corp,Industrials,0.1266,0.0704,0.085,0.35119999999999996,0.26606012927999995,1.26,1.53,28290000000.0,-0.0088,0.0046,15.63,52.43,4.5
NCLH,Norwegian Cruise Line Holdings Ltd,Consumer Cyclical,0.2003,0.057699999999999994,0.0608,0.1532,0.10765125743359999,0.24,0.95,5923000000.0,0.3096,0.1884,3.98,28.18,0
NRG,NRG Energy Inc,Utilities,0.147,0.0417,-0.0679,0.0,-0.0,1.58,0,11178000000.0,0.0,-0.125,-3.95,-3.23,0.12
NUE,Nucor Corp,Basic Materials,0.1209,0.058899999999999994,0.1213,0.2284,0.1972870123692,3.15,0.43,23864000000.0,0.2118,-0.0137,6.55,31.19,1.52
NVDA,NVIDIA Corp,Technology,0.3689,0.2729,0.3997,0.5932,23.869728623532392,7.08,0.21,12422000000.0,0.402,0.17809999999999998,7.48,15.53,0.6
ORLY,O'Reilly Automotive Inc,Consumer Cyclical,0.1902,0.1264,0.1726,2.3845,9.894542190816003,0.91,6.37,9412000000.0,0.13369999999999999,0.0755,15.88,6.22,0
OXY,Occidental Petroleum Corp,Energy,0.2809,0.12300000000000001,0.09050000000000001,0.1855,0.5800285139250001,1.33,0.47,16554000000.0,-0.222,-0.1348,5.09,28.46,3.09
OMC,Omnicom Group Inc,Consumer Cyclical,0.1371,0.11560000000000001,0.0529,0.4818,0.4039408328472,0.87,1.83,15380000000.0,-0.004699999999999999,-0.001,5.16,10.63,2.4
OKE,ONEOK Inc,Energy,0.1323,0.0305,0.053099999999999994,0.1533,0.0328470490845,0.74,1.25,13249000000.0,0.0147,-0.0074,2.16,16.17,3.13
ORCL,Oracle Corp,Technology,0.3567,0.3452,0.0316,0.0941,0.3661428877104001,2.8,1.69,39893000000.0,-0.2726,0.0138,1.06,8.52,0.76
PCAR,PACCAR Inc,Industrials,0.1151,0.039900000000000005,0.0915,0.2579,0.10837289014650002,2.63,0.71,22670000000.0,0.0723,0.008,6.26,26.25,1.06
PKG,Packaging Corp of America,Consumer Cyclical,0.15109999999999998,0.0843,0.12710000000000002,0.3519,0.5697139534677,2.76,0.99,6952000000.0,0.1942,0.0327,8.48,26.78,2.84
PH,Parker Hannifin Corp,Industrials,0.13369999999999999,0.091,0.0739,0.198,0.17802558774,1.6,0.71,14417000000.0,0.0158,0.019,8.52,46.1,2.84
PAYX,Paychex Inc,Industrials,0.36920000000000003,0.3236,0.1367,0.457,7.463712805328,1.23,0,3506000000.0,0.1041,0.0726,2.78,6.75,2.18
PYPL,PayPal Holdings Inc,Financial Services,0.1889,0.22870000000000001,0.051399999999999994,0.13699999999999998,0.30421582977399997,1.28,0,14969000000.0,0.182,0.1773,1.73,12.83,0
PNR,Pentair PLC,Industrials,0.1413,0.092,0.07139999999999999,0.12890000000000001,0.11964129861600001,1.4,0.42,5036000000.0,0.0,-0.1115,2.46,10.83,1.22
PBCT,People's United Financial Inc,Financial Services,0,0.3914,0.0097,0.0761,0.0,0,0.57,1561000000.0,0.06570000000000001,0.0319,1.24,15.13,0.69
PEP,PepsiCo Inc,Consumer Defensive,0.16210000000000002,0.0861,0.06509999999999999,0.4204,0.38197053435239997,1.31,2.98,64663000000.0,-0.0932,-0.016,3.48,7.29,3.46
PKI,PerkinElmer Inc,Healthcare,0.1216,0.0761,0.023700000000000002,0.049100000000000005,0.010768322899200001,1.7,0.73,2663000000.0,0.2286,0.0029,1.11,23.13,0.28
PRGO,Perrigo Co PLC,Healthcare,0.11220000000000001,0.109,0.0108,0.021,0.00277371864,1.85,0.54,4820000000.0,-0.1975,0.0579,0.87,41.66,0.73
PFE,Pfizer Inc,Healthcare,0.2676,0.29359999999999997,0.1401,0.3608,3.9714291986687997,1.43,0.47,53373000000.0,0.079,-0.0229,3.95,12.33,1.34
PCG,PG&E Corp,Utilities,0.0178,-0.048799999999999996,0.0019,0.0070999999999999995,-1.17179536e-05,0.67,0.95,16771000000.0,0.0461,0.0009,0.25,37.49,0
PM,Philip Morris International Inc,Consumer Defensive,0.3936,0.2736,0.1643,0.0,0.0,1.19,0,30420000000.0,-0.0727,-0.0173,4.3,-7.54,4.42
PSX,Phillips 66,Energy,0.025699999999999997,0.028399999999999998,0.1207,0.2859,0.025186793924399997,1.28,0.47,112109000000.0,0.0235,-0.1405,13.22,50.57,3.0
PNW,Pinnacle West Capital Corp,Utilities,0.24050000000000002,0.0070999999999999995,0.0292,0.0965,0.00481153439,0.7,0.84,3695000000.0,0.0506,0.006999999999999999,4.5,47.77,2.78
PXD,Pioneer Natural Resources Co,Energy,0.2451,-0.0348,0.0764,0.11720000000000001,-0.0763736462784,1.2,0.19,8942000000.0,-0.0361,0.0697,7.69,69.78,0.32
PNC,PNC Financial Services Group Inc,Financial Services,0,0.3922,0.015300000000000001,0.12369999999999999,0.0,0,1.12,17052000000.0,0.08460000000000001,0.0103,12.11,104.44,3.2
RL,Ralph Lauren Corp Class A,Consumer Cyclical,0.1097,0.0913,0.0392,0.06849999999999999,0.026893915972,2.97,0.26,6253000000.0,-0.3856,-0.0673,2.87,43.04,2.25
PPG,PPG Industries Inc,Basic Materials,0.12390000000000001,0.0535,0.0717,0.2262,0.10750702517100001,1.71,1.01,15413000000.0,-0.08869999999999999,-0.0134,4.97,0,1.83
PPL,PPL Corp,Utilities,0.4003,-0.0574,0.0355,0.1324,-0.10799752944399998,0.58,1.69,7772000000.0,-0.134,-0.1348,2.12,16.36,1.63
PFG,Principal Financial Group Inc,Financial Services,0,0.3042,0.0085,0.1816,0.0,0,0.28,13704000000.0,0.2345,0.08869999999999999,7.38,41.34,2.05
PG,Procter & Gamble Co,Consumer Defensive,0.2036,0.1666,0.0815,0.187,0.5169541022799999,0.8,0.41,66869000000.0,-0.029300000000000003,-0.0451,3.83,20.58,2.81
PGR,Progressive Corp,Financial Services,0,0.1778,0.069,0.282,0.0,0,0.34,31065000000.0,0.07519999999999999,0.09449999999999999,4.97,19.49,1.12
PLD,Prologis Inc,Real Estate,0.292,0.5694,0.0395,0.0717,0.47088685332,1.19,0.51,2617000000.0,0.0,0.0547,2.45,34.89,1.88
PRU,Prudential Financial Inc,Financial Services,0,0.24539999999999998,0.0084,0.1424,0.0,0,0.39,60825000000.0,0.7575,-0.0679,16.08,113.14,3.45
PEG,Public Service Enterprise Group Inc,Utilities,0.2316,-0.1383,0.0509,0.1597,-0.2603654979444,0.72,0.9,9325000000.0,0.0121,-0.058499999999999996,4.32,28.41,1.78
PSA,Public Storage,Real Estate,0.5156000000000001,0.5731,0.1202,0.2644,9.390943672316803,1.05,0.29,2734000000.0,0.0802,0.0672,7.42,27.93,8.0
PHM,PulteGroup Inc,Consumer Cyclical,0.1422,0.1373,0.0851,0.18789999999999998,0.31219538137739994,4.77,0.69,9980000000.0,-0.0194,0.12210000000000001,2.97,16.84,0.36
PVH,PVH Corp,Consumer Cyclical,0.084,0.042,0.0593,0.1274,0.02665340496,1.74,0.51,9672000000.0,0.043899999999999995,0.0265,8.95,75.01,0.07
QRVO,Qorvo Inc,Technology,0.0388,0.2032,-0.006999999999999999,-0.0091,0.000502220992,3.5,0.16,3088000000.0,0,0.2023,-0.34,37.09,0
PWR,Quanta Services Inc,Industrials,0.04769999999999999,0.0111,0.0506,0.09269999999999999,0.0024835425714,1.86,0.25,10538000000.0,0.0054,0.0643,2.24,26.18,0
QCOM,Qualcomm Inc,Technology,0.0326,0.1369,-0.09910000000000001,-0.3071,0.13582337541339995,1.55,16.56,22732000000.0,0.0,-0.0348,-3.32,0.77,2.38
DGX,Quest Diagnostics Inc,Healthcare,0.1462,0.1162,0.0803,0.17010000000000003,0.2320456116132,1.15,0.64,7864000000.0,0.068,0.0087,6.19,39.07,1.95
RJF,Raymond James Financial Inc,Financial Services,0,0.2433,0.023700000000000002,0.1431,0.0,0,0.38,7274000000.0,0.18469999999999998,0.1035,5.75,45.02,1.1
RTN,Raytheon Co,Industrials,0.1209,0.0677,0.0818,0.2229,0.14923762937459997,1.49,0.42,26481000000.0,-0.0338,0.0075,8.58,39.74,3.33
O,Realty Income Corp,Real Estate,0.4911,0.7131000000000001,0.0236,0.0452,0.37356898151519996,1.21,0.88,1296000000.0,0.056100000000000004,0.09210000000000002,1.18,26.01,2.61
RHT,Red Hat Inc,Technology,0.1489,0.2781,0.056600000000000004,0.1955,0.45820400357700014,1.26,0.23,3255000000.0,0.115,0.17059999999999997,1.48,8.05,0
REG,Regency Centers Corp,Real Estate,0.33390000000000003,0.5362,0.023,0.039,0.16059635046,1.07,0.57,1101000000.0,-0.020499999999999997,0.1465,1.52,38.43,2.19
REGN,Regeneron Pharmaceuticals Inc,Healthcare,0.37,0.2557,0.1843,0.2583,4.503832116209999,4.04,0.09,6365000000.0,0.09820000000000001,0.27699999999999997,15.64,72.7,0
RF,Regions Financial Corp,Financial Services,0,0.231,0.0131,0.1092,0.0,0,0.8,5887000000.0,0.024300000000000002,0.0161,1.43,13.49,0.41
RSG,Republic Services Inc Class A,Industrials,0.1744,0.1226,0.0661,0.1796,0.25383104784640004,0.56,0.95,10070000000.0,0.1746,0.0434,4.19,24.41,1.41
RMD,ResMed Inc,Healthcare,0.24609999999999999,0.1623,0.10220000000000001,0.1697,0.6927282065802,2.58,0.27,2405000000.0,-0.0366,0.0909,2.32,13.34,1.42
RHI,Robert Half International Inc,Industrials,0.0992,0.0837,0.18539999999999998,0.3256,0.5012233053695999,1.79,0,5665000000.0,-0.017,0.0391,3.01,9.21,1.08
ROK,Rockwell Automation Inc,Industrials,0.191,0.17620000000000002,0.0797,0.24989999999999998,0.6702917110259999,1.27,0.76,6666000000.0,-0.1351,0.0097,4.21,13.45,3.51
ROL,Rollins Inc,Industrials,0.17149999999999999,0.12960000000000002,0.1971,0.3096,1.3563029370240003,0.98,0,1792000000.0,0.0917,0.056600000000000004,0.65,2.24,0.36
ROP,Roper Technologies Inc,Industrials,0.2735,0.2534,0.0767,0.16140000000000002,0.8579516929620001,0.76,0.58,5041000000.0,0.1458,0.0901,10.86,73.04,1.65
ROST,Ross Stores Inc,Consumer Cyclical,0.1399,0.10490000000000001,0.266,0.5281,2.0615363970460003,1.61,0.1,14944000000.0,0.1161,0.07769999999999999,4.25,8.6,0.83
RCL,Royal Caribbean Cruises Ltd,Consumer Cyclical,0.2005,0.0525,0.0725,0.1638,0.125004481875,0.19,0.67,9166000000.0,0.28600000000000003,0.0269,8.39,54.25,2.5
CRM,Salesforce.com Inc,Technology,0.0313,0.2045,0.0327,0.0613,0.0128305678335,0.76,0.25,12484000000.0,0.0,0.2494,0.93,19.21,0
SBAC,SBA Communications Corp,Communication Services,0.3075,0.38659999999999994,-0.0003,0.0,-0.0,1.23,0,1825000000.0,0,0.042,-0.02,-27.75,0
SLB,Schlumberger Ltd,Energy,0.09609999999999999,0.1057,-0.0091,-0.0172,0.0015898941603999998,1.13,0.39,32815000000.0,0.0,-0.14429999999999998,-0.47,26.38,2.0
STX,Seagate Technology PLC,Technology,0.16829999999999998,0.1771,0.1566,0.9398000000000001,4.386618597992399,1.42,2.34,11543000000.0,-0.1213,-0.0663,4.97,6.45,2.52
SEE,Sealed Air Corp,Consumer Cyclical,0.1487,0.0149,-0.0074,-0.2585,0.004238278627,1.02,0,4700000000.0,0.0,-0.1681,-0.14,-2.84,0.64
SRE,Sempra Energy,Utilities,0.2115,-0.0325,-0.008,-0.0319,-0.001754181,0.59,1.48,11430000000.0,-0.3953,0.0052,-1.76,52.54,3.51
SHW,Sherwin-Williams Co,Basic Materials,0.11789999999999999,0.1038,0.0935,0.5674,0.649250213238,1.04,2.19,17450000000.0,0.22940000000000002,0.0946,20.03,42.45,3.43
SPG,Simon Property Group Inc,Real Estate,0.5167,0.49689999999999995,0.0739,0.6573,12.471409195688098,0.51,7.09,5625000000.0,0.06309999999999999,0.0256,7.4,10.8,7.75
SWKS,Skyworks Solutions Inc,Technology,0.34130000000000005,0.2145,0.1954,0.225,3.2186270902500005,5.8,0,3868000000.0,0.0478,0.0588,5.01,23.08,1.34
SLG,SL Green Realty Corp,Real Estate,0.2412,0.3567,0.0225,0.051100000000000007,0.09891993699000001,2.4,0.93,1272000000.0,-0.4194,-0.0019,3.62,70.27,3.25
SNA,Snap-on Inc,Industrials,0.2281,0.15869999999999998,0.11960000000000001,0.20850000000000002,0.9026917036020001,2.31,0.3,4089000000.0,0.0975,0.0463,11.03,56.83,3.28
SO,Southern Co,Utilities,0.18789999999999998,-0.0524,0.022000000000000002,0.0998,-0.021617789776000002,0.72,1.67,23786000000.0,-0.2433,0.06849999999999999,2.4,24.18,2.36
LUV,Southwest Airlines Co,Industrials,0.1501,0.11900000000000001,0.14429999999999998,0.3893,1.0034099157810001,0.71,0.31,21544000000.0,0.4534,0.0438,6.26,18.06,0.57
SPGI,S&P Global Inc,Financial Services,0.4343,0.3297,0.1889,1.9599000000000002,53.01205591050812,1.44,4.05,6309000000.0,0.0,0.06280000000000001,6.73,3.61,1.91
SWK,Stanley Black & Decker Inc,Industrials,0.13019999999999998,0.0746,0.0493,0.1359,0.06507530132039999,0.92,0.39,13593000000.0,0.0676,0.0398,6.5,48.54,2.55
SBUX,Starbucks Corp,Consumer Cyclical,0.154,0.40299999999999997,0.2346,1.3651,19.87550817252,2.2,7.77,24720000000.0,0.1789,0.0886,3.24,0.94,1.26
STT,State Street Corporation,Financial Services,0,1.2327,0.01,0.1168,0.0,0,0.5,10799000000.0,0.011000000000000001,0.0245,6.27,54.97,1.73
SYK,Stryker Corp,Healthcare,0.1932,0.1235,0.0567,0.1219,0.164915260146,1.91,0.6,13276000000.0,-0.0471,0.0753,3.24,26.35,1.88
STI,SunTrust Banks Inc,Financial Services,0,0.41840000000000005,0.0131,0.12300000000000001,0.0,0,0.66,9009000000.0,0.030299999999999997,-0.027999999999999997,5.81,49.48,1.7
SIVB,SVB Financial Group,Financial Services,0,0.2894,0.0151,0.18359999999999999,0.0,0,0.14,2484000000.0,0.2288,0.1144,15.34,92.47,0
SYMC,Symantec Corp,Technology,0.12269999999999999,0.2034,0.0754,0.2562,0.4821098255063999,1.0,0.75,4750000000.0,0.0827,-0.0944,1.83,9.31,0.3
SYF,Synchrony Financial,Financial Services,0,0.5998,0.024300000000000002,0.1685,0.0,0,1.7,15964000000.0,-0.028300000000000002,0.08779999999999999,3.15,19.47,0.66
SNPS,Synopsys Inc,Technology,0.11960000000000001,0.1033,0.07490000000000001,0.1281,0.11853932464920003,0.73,0.04,3121000000.0,0.11779999999999999,0.0973,2.82,23.27,0
SYY,Sysco Corp,Consumer Defensive,0.0394,0.0285,0.0809,0.6131,0.055695604191,1.3,3.0,59292000000.0,0.0759,0.0575,2.82,5.08,1.44
TROW,T. Rowe Price Group Inc,Financial Services,0.44310000000000005,0.2234,0.2293,0.3043,6.907023377154601,2.92,0,5303000000.0,0.068,0.0637,7.22,26.85,2.67
TTWO,Take-Two Interactive Software Inc,Technology,0.10800000000000001,-0.0013,0.0581,0.1249,-0.001018839276,1.47,0,1812000000.0,0.0,0.081,1.85,17.08,0
TPR,Tapestry Inc,Consumer Cyclical,0.1424,0.1352,0.0759,0.172,0.25133727590399996,2.74,0.48,5972000000.0,-0.1741,0.029900000000000003,1.86,11.42,1.35
TGT,Target Corp,Consumer Defensive,0.0565,0.0362,0.077,0.2922,0.04601802282000001,0.83,0.91,74527000000.0,-0.0044,-0.0039000000000000003,6.01,21.23,2.5
TEL,TE Connectivity Ltd,Technology,0.17670000000000002,0.1084,0.12890000000000001,0.2492,0.6152714836464,1.41,0.28,13988000000.0,0.0196,0.0104,7.27,31.57,1.68
FTI,TechnipFMC PLC,Energy,0.09300000000000001,-0.0584,0.006500000000000001,0.0139,-0.0004907089200000001,1.33,0.31,12912000000.0,-0.40240000000000004,0.0677,0.4,28.45,0.52
TXN,Texas Instruments Inc,Technology,0.45549999999999996,0.37520000000000003,0.2619,0.4324,19.354073888016,3.97,0.41,15817000000.0,0.0928,0.0313,4.67,10.95,2.48
TXT,Textron Inc,Industrials,0.0754,0.0652,0.057,0.1532,0.042929176991999995,2.06,0.7,14239000000.0,-0.2002,0.0076,3.41,22.81,0.08
TMO,Thermo Fisher Scientific Inc,Healthcare,0.1522,0.16399999999999998,0.0462,0.09960000000000001,0.11485762041599999,1.84,0.66,23898000000.0,0.055099999999999996,0.0739,6.33,66.79,0.66
TIF,Tiffany & Co,Consumer Cyclical,0.18359999999999999,0.0877,0.0852,0.14400000000000002,0.197548782336,5.86,0.29,4455000000.0,-0.0857,-0.0063,3.58,24.68,2.1
TWTR,Twitter Inc,Technology,0.1244,0.2638,0.12380000000000001,0.18460000000000001,0.7499762541856001,4.61,0.27,2865000000.0,0,0.20309999999999997,1.35,8.48,0
TJX,TJX Companies Inc,Consumer Cyclical,0.1097,0.0637,0.21420000000000003,0.6252,0.9358031349576001,1.55,0.42,38806000000.0,0.0559,0.0674,2.44,4.26,0.7
TMK,Torchmark Corp,Financial Services,0,0.2901,0.0673,0.2922,0.0,0,0.25,4296000000.0,0.22399999999999998,0.0158,13.28,49.66,0.63
TSS,Total System Services Inc,Financial Services,0.1837,0.18,0.09960000000000001,0.2728,0.8984323180799999,2.57,1.47,4283000000.0,0.1913,0.2137,3.71,14.47,0.52
TSCO,Tractor Supply Co,Consumer Cyclical,0.09119999999999999,0.0455,0.1643,0.3525,0.24032719619999995,1.99,0.39,7731000000.0,0.044500000000000005,0.08310000000000001,4.07,12.25,1.16
TDG,TransDigm Group Inc,Industrials,0.4362,0.249,0.08130000000000001,0.0,0.0,4.06,0,3811000000.0,0.2588,0.1208,16.2,-34.28,0
TRV,The Travelers Companies Inc,Financial Services,0,0.12390000000000001,0.0233,0.1054,0.0,0,0.27,29937000000.0,-0.1773,0.0209,8.96,84.79,2.98
TRIP,TripAdvisor Inc,Consumer Cyclical,0.1063,0.2094,0.009300000000000001,0.0147,0.0030430579662000007,2.04,0,1590000000.0,0.0,0.07690000000000001,0.15,10.47,0
FOXA,Twenty-First Century Fox Inc Class A,Consumer Cyclical,0.21109999999999998,0.11410000000000001,0.0919,0.2645,0.5854840461505,2.45,0.89,30575000000.0,-0.187,0.016,2.63,11.15,0.36
FOX,Twenty-First Century Fox Inc Class B,Consumer Cyclical,0.21109999999999998,0.11410000000000001,0.0919,0.2645,0.5854840461505,2.45,0.89,30575000000.0,-0.187,0.016,2.63,11.15,0.36
TSN,Tyson Foods Inc Class A,Consumer Defensive,0.07629999999999999,0.044000000000000004,0.1058,0.2591,0.09203018501600001,1.13,0.62,40052000000.0,0.312,-0.0108,8.19,35.02,1.13
UDR,UDR Inc,Real Estate,0.20199999999999999,0.4127,0.0241,0.0697,0.14003469795799997,0.11,1.33,1032000000.0,-0.1054,0.0643,0.69,9.24,0.95
ULTA,Ulta Beauty Inc,Consumer Cyclical,0.1267,0.0969,0.2114,0.3778,0.9805445462316,2.06,0,6529000000.0,0.2633,0.2152,10.73,30.95,0
USB,US Bancorp,Financial Services,0,0.3455,0.0143,0.1509,0.0,0,0.92,22420000000.0,0.0195,0.0172,4.0,27.87,1.27
UAA,Under Armour Inc A,Consumer Cyclical,0.0231,0.0392,-0.0331,-0.0674,0.0020201607887999997,1.99,0.35,5160000000.0,0.0,0.1729,-0.31,4.47,0
UA,Under Armour Inc C,Consumer Cyclical,0.0231,0.0392,-0.0331,-0.0674,0.0020201607887999997,1.99,0.35,5160000000.0,0.0,0.1729,-0.31,4.47,0
UNP,Union Pacific Corp,Industrials,0.3778,0.2184,0.2003,0.5875,9.709646255400001,1.06,1.01,22525000000.0,0.2213,-0.0397,14.89,28.02,2.92
UAL,United Continental Holdings Inc,Industrials,0.086,0.0527,0.051100000000000007,0.2422,0.056092410724,0.63,1.41,40215000000.0,0.0,-0.0101,7.92,0,0
UNH,UnitedHealth Group Inc,Healthcare,0.0765,0.0391,0.0862,0.2636,0.06796586746800001,0.69,0.64,219891000000.0,0.1382,0.127,12.75,0,3.3
UPS,United Parcel Service Inc Class B,Industrials,0.1008,0.0067,0.12359999999999999,2.3612,0.19709997995519998,1.14,6.49,70275000000.0,0.1743,0.0401,6.25,3.61,3.56
URI,United Rentals Inc,Industrials,0.2504,0.024,0.1118,0.607,0.4078270809599999,0.81,2.75,7663000000.0,0.35590000000000005,0.053200000000000004,19.81,41.11,0
UTX,United Technologies Corp,Industrials,0.1399,0.0705,0.0471,0.1607,0.0746523726615,1.52,1.19,64137000000.0,-0.09880000000000001,-0.0277,6.22,37.19,2.8
UHS,Universal Health Services Inc Class B,Healthcare,0.1176,0.0581,0.0767,0.1643,0.0861026229336,1.09,0.69,10661000000.0,0.1115,0.08380000000000001,8.91,57.98,0.4
UNM,Unum Group,Financial Services,0,0.1056,0.0086,0.0602,0.0,0,0.35,11556000000.0,0.021400000000000002,0.0143,2.42,38.94,0.95
VFC,VF Corp,Consumer Cyclical,0.1234,0.0967,0.0673,0.1634,0.13122263375959997,1.54,0.51,12356000000.0,-0.16269999999999998,-0.0129,1.65,10.53,1.76
VLO,Valero Energy Corp,Energy,0.0362,0.0229,0.0909,0.2148,0.0161860997736,1.59,0.41,114695000000.0,0.0384,-0.10439999999999999,10.41,51.64,3.1
VAR,Varian Medical Systems Inc,Healthcare,0.1714,0.13949999999999999,0.0466,0.0974,0.10852502605200001,1.63,0,2919000000.0,-0.2858,-0.0197,1.62,17.38,0
VTR,Ventas Inc,Real Estate,0.2412,0.35359999999999997,0.0319,0.0698,0.18990467907839997,0.93,1.0,3550000000.0,0.3018,0.0458,2.06,29.32,3.16
VRSN,VeriSign Inc,Technology,0.6233,0.532,0.20989999999999998,0.0,0.0,1.35,0,1203000000.0,0.07400000000000001,0.0487,4.08,-11.59,0
VRSK,Verisk Analytics Inc,Industrials,0.3521,0.2927,0.11449999999999999,0.3446,4.0663944812890005,0.48,0.95,2352000000.0,0.11019999999999999,0.0693,3.89,13.01,0
VZ,Verizon Communications Inc,Communication Services,0.2211,0.12,0.124,0.7931,2.6092736208000002,0.97,1.95,130537000000.0,0.46240000000000003,-0.0027,7.85,13.19,2.37
VRTX,Vertex Pharmaceuticals Inc,Healthcare,0.22390000000000002,0.37479999999999997,0.1654,0.2754,3.822549490555199,3.71,0.2,2829000000.0,0,0.1026,2.51,11.37,0
VIAB,Viacom Inc B,Consumer Cyclical,0.2159,0.127,0.0724,0.25579999999999997,0.507803242456,1.5,1.28,12943000000.0,-0.0642,-0.0127,4.27,18.39,0.8
V,Visa Inc Class A,Financial Services,0.6286,0.5820000000000001,0.1449,0.3565,18.89841061962,1.61,0.58,20609000000.0,0.1565,0.1184,4.42,12.56,0.82
VNO,Vornado Realty Trust,Real Estate,0,0.17559999999999998,0.018600000000000002,0.07,0.0,0,2.22,1886000000.0,-0.1631,-0.0556,1.63,23.15,2.49
VMC,Vulcan Materials Co,Basic Materials,0.1631,0.0882,0.0745,0.1463,0.15679172747700001,1.7,0.54,4272000000.0,0.0,0.0867,5.35,38.97,1.09
WMT,Walmart Inc,Consumer Defensive,0.0398,0.036000000000000004,0.023700000000000002,0.0696,0.0023634322560000007,0.81,0.69,511879000000.0,-0.1553,0.01,1.74,24.78,2.07
WBA,Walgreens Boots Alliance Inc,Consumer Defensive,0.045700000000000005,0.04650000000000001,0.078,0.20670000000000002,0.03426133113000001,0.8,0.45,134590000000.0,0.0599,0.0834,5.42,27.14,1.68
DIS,Walt Disney Co,Consumer Cyclical,0.24960000000000002,0.1654,0.12960000000000002,0.2797,1.4965028702208005,0.94,0.35,59434000000.0,0.14550000000000002,0.0425,8.36,32.72,1.68
WM,Waste Management Inc,Industrials,0.1827,0.1142,0.10550000000000001,0.39890000000000003,0.8780538413430001,0.87,1.53,14724000000.0,0.1451,0.0115,5.27,14.63,1.82
WAT,Waters Corp,Healthcare,0.30329999999999996,0.21760000000000002,0.0121,0.0246,0.0196449884928,6.63,0.61,2392000000.0,-0.639,0.0461,0.83,24.77,0
WEC,WEC Energy Group Inc,Utilities,0.2082,0.0263,0.0405,0.1352,0.029982523895999993,0.51,0.93,7657000000.0,0.1714,0.1249,4.06,31.08,2.18
WCG,WellCare Health Plans Inc,Healthcare,0.037000000000000005,-0.006500000000000001,0.0412,0.1369,-0.0013564873400000003,1.32,0.51,18688000000.0,0.15130000000000002,0.09480000000000001,9.63,83.26,0
WFC,Wells Fargo & Co,Financial Services,0,0.2493,0.0109,0.1165,0.0,0,1.26,85923000000.0,-0.0128,0.0059,4.23,37.75,1.6
WELL,Welltower Inc,Real Estate,0.22769999999999999,0.3285,0.0187,0.0395,0.055250613742499996,1.23,0.99,4484000000.0,0.0069,0.0861,1.45,36.18,3.48
WDC,Western Digital Corp,Technology,0.17600000000000002,0.1378,0.0171,0.0431,0.017874556128000003,2.41,0.96,20494000000.0,-0.22760000000000002,0.0611,1.68,39.3,2.0
WU,The Western Union Co,Financial Services,0.1885,0.09390000000000001,-0.051,-3.2717,2.953388618505,0.92,0,5627000000.0,0.0,-0.005,-0.98,-0.94,0.74
WRK,WRKCo Inc A,Consumer Cyclical,0.0872,0.0873,0.0756,0.1748,0.1005990668928,1.44,0.49,16285000000.0,0.2125,0.1128,7.34,44.68,1.72
WY,Weyerhaeuser Co,Basic Materials,0.21350000000000002,0.09539999999999998,0.0621,0.1229,0.15544964591099997,1.35,0.65,7663000000.0,-0.3169,-0.009399999999999999,1.47,12.09,1.3
WHR,Whirlpool Corp,Consumer Cyclical,0.0629,0.0019,-0.0311,-0.1746,0.0006489464705999999,0.87,2.02,21079000000.0,-0.1864,0.0226,-8.76,36.99,4.5
WMB,Williams Companies Inc,Energy,0.22690000000000002,-0.0824,0.0451,0.1776,-0.14975495842560002,0.72,1.37,8710000000.0,0.009399999999999999,0.014199999999999999,2.49,12.87,1.32
WLTW,Willis Towers Watson PLC,Financial Services,0.11289999999999999,0.0837,0.0172,0.056299999999999996,0.009150740542799999,1.08,0.46,8219000000.0,0.0,0.187,4.21,77.34,2.33
WYNN,Wynn Resorts Ltd,Consumer Cyclical,0.1852,-0.0646,0.0483,0.5616,-0.32452467989760003,1.14,4.82,6888000000.0,0.0070999999999999995,0.0412,5.8,16.6,2.5
XEL,Xcel Energy Inc,Utilities,0.1773,-0.0499,0.028300000000000002,0.1047,-0.026214549482700005,0.78,1.27,11452000000.0,0.0397,-0.008100000000000001,2.42,23.67,1.5
XRX,Xerox Corp,Technology,0.0833,0.0775,0.0012,0.0038,2.9438219999999997e-05,1.82,0.93,10044000000.0,-0.414,-0.1931,0.07,21.77,1.0
XLNX,Xilinx Inc,Technology,0.316,0.3095,0.11539999999999999,0.23809999999999998,2.687280125479999,4.26,0.49,2739000000.0,-0.0754,0.0222,2.32,9.66,1.42
XYL,Xylem Inc,Industrials,0.1301,0.0928,0.055999999999999994,0.1555,0.10513412223999997,1.49,0.84,5098000000.0,-0.006,0.044199999999999996,2.18,14.56,0.81
YUM,Yum Brands Inc,Consumer Cyclical,0.3028,0.15259999999999999,0.3422,0.0,0.0,0.98,0,5707000000.0,-0.0345,-0.2379,4.89,-23.88,1.38
ZBH,Zimmer Biomet Holdings Inc,Healthcare,0.1507,0.1666,0.0677,0.1547,0.26294640151779997,1.89,0.7,7951000000.0,0.1916,0.1184,8.59,59.89,0.96
ZION,Zions Bancorp NA,Financial Services,0,0.3016,0.011200000000000002,0.1045,0.0,0,0.13,2732000000.0,0.11109999999999999,0.0393,3.55,36.36,0.9
ZTS,Zoetis Inc Class A,Healthcare,0.34149999999999997,0.2676,0.11789999999999999,0.5668,6.106895152487999,4.06,3.04,5721000000.0,0.1401,0.0351,2.38,4.41,0.48
